0.989319
1.03351
1.01213
1.04461
1.04433
1.02722
0.974042
1.05208
0.98774
0.957658
0.930509
0.992818
1.00881
1.02166
0.975507
1.01042
0.972712
0.924188
1.01107
0.977424
0.975774
0.965524
0.969917
0.922831
0.97285
0.990363
0.953653
0.954706
1.02836
0.930997
0.983191
0.992423
0.970461
0.99044
0.966376
1.04701
1.02374
1.00434
1.04757
1.0015
1.0453
1.02292
1.0225
1.01303
1.04838
1.0278
1.06291
1.02052
0.96857
1.05484
1.04361
1.04951
0.954368
0.938094
1.00767
1.04892
0.974037
1.0337
0.986102
0.942113
1.03988
1.06993
0.998248
1.02433
1.0185
0.999499
1.03471
0.95588
0.963032
0.998266
1.02571
0.990045
0.971225
1.02908
1.02177
0.987814
0.988126
0.982173
0.952391
0.988197
1.02719
0.964821
0.984487
0.950955
0.994717
0.969725
1.00198
0.985037
1.07487
1.00819
1.04224
0.982919
1.02704
0.995362
1.04727
1.00527
1.06348
1.01669
1.00614
0.988862
1.03164
0.986993
0.950109
1.02659
1.08106
0.987714
1.00188
1.01292
1.00166
1.02698
0.955401
0.968511
0.999977
0.976985
1.07172
0.990509
0.986853
1.03226
0.940312
0.989931
0.995181
1.01893
0.96381
1.01451
0.972443
0.983531
0.988192
1.00006
0.961479
1.05075
0.948969
0.924342
1.00654
0.991376
1.06788
1.01554
1.04016
1.03851
1.08268
0.941346
0.930506
0.956927
1.02123
1.00577
0.957818
1.01411
0.995411
1.01534
1.01303
0.989556
1.01509
1.01424
0.954441
0.919042
0.997461
0.967887
1.02312
0.982063
1.02844
0.933931
1.00813
0.972691
1.01241
0.998464
1.03764
0.973095
1.03397
0.954401
0.957369
0.965505
1.02052
1.01194
1.01108
1.02334
0.979942
0.981109
1.00612
1.02041
0.994348
1.02663
1.01714
0.985508
0.975953
1.02693
0.940837
0.959975
1.04353
1.05932
0.955541
0.988954
1.04294
1.02049
0.966087
1.0144
1.02577
1.0324
1.00824
1.04373
1.01684
1.00486
0.998633
1.0036
0.942282
1.00964
1.04099
0.964192
1.09234
1.02034
0.939061
1.01816
0.972186
0.994182
1.04161
0.976208
1.05537
1.05714
0.981104
0.98232
0.914226
0.946655
1.01777
0.956442
0.907596
0.99314
1.04138
0.971519
0.942158
0.999432
1.00721
1.05335
1.08555
0.993985
1.00691
1.08582
0.991892
1.00214
0.974745
1.09515
1.07056
0.979537
0.972497
1.05546
0.926577
1.02826
1.02768
0.993091
1.01681
1.016
1.01565
1.0164
1.1188
0.989937
1.0016
0.973187
1.01222
0.999885
0.964355
0.954049
1.10166
0.995418
0.974641
0.951479
0.930183
1.04006
1.03242
0.991629
0.997972
0.962973
1.03561
0.980821
1.00396
1.04954
1.00243
1.01078
1.05605
1.01606
1.02155
1.05352
1.03917
0.953333
0.982159
0.97498
1.02713
1.00637
1.02568
1.03788
0.998873
1.02396
0.996396
1.03595
0.972266
1.04608
1.08366
0.991899
0.937123
0.972067
0.996774
0.939003
1.03041
1.02941
1.02437
0.992756
1.02126
1.03662
1.01562
1.00265
0.987295
0.985876
1.07052
1.04071
1.01564
1.0233
1.02258
0.935547
1.01262
1.01576
1.04529
1.04925
0.98331
1.03917
0.996337
0.967703
1.0093
0.976976
1.01886
1.02767
0.925188
1.01521
1.03304
0.998819
1.0339
1.01014
1.06516
1.07978
1.02054
1.02342
0.983159
0.994145
1.05436
1.01144
1.01295
1.02033
1.01395
1.02623
0.981605
0.973084
0.961914
0.965751
1.00855
0.975809
0.970538
1.02008
0.974591
1.00478
1.00879
1.03038
0.989617
1.02429
1.02289
1.03086
0.99847
1.03252
1.00832
0.986251
0.989809
1.01985
1.08696
0.998701
1.03648
0.993489
0.961701
1.02238
1.0086
1.11278
0.983658
1.02849
0.973861
0.967291
0.975947
1.00885
1.02453
1.00854
0.966001
1.03299
0.932249
1.05145
1.00937
1.02491
0.989772
0.986607
1.01775
1.02674
1.00537
0.943845
1.08221
1.03899
0.977181
1.02353
1.02475
1.09765
1.01635
1.04753
1.02221
1.0407
1.01967
1.00389
0.994266
1.03141
1.02049
1.04676
0.973898
0.95423
0.959088
0.952919
0.986034
1.04971
0.955712
1.00383
1.02015
1.00573
1.03278
0.988804
1.01834
0.976093
0.964016
0.939529
1.01987
1.0228
1.04682
1.03649
1.01433
1.00094
0.991123
1.01355
1.0362
1.05352
1.07411
0.993837
0.997511
0.974879
0.929358
1.0378
1.03228
0.99983
1.03753
1.01068
1.05834
1.01032
1.05401
0.965778
1.01809
0.987954
1.01542
0.971276
0.987459
1.03002
0.999715
0.926681
1.04751
1.01325
1.00788
1.07512
1.00754
1.06681
1.00375
1.02674
0.997223
1.01378
1.04006
1.0026
1.01746
1.01479
0.946193
1.03819
1.03443
1.02045
1.03358
1.03716
0.971445
1.01572
0.965125
1.05001
0.95949
0.984234
1.00711
1.0129
0.967355
1.03026
1.0528
0.996833
1.03629
0.959562
1.02119
1.05603
0.977482
0.949152
0.992314
0.984598
1.02664
1.03625
0.984858
0.99815
1.05199
1.03702
1.01761
1.00687
1.04571
1.07015
1.01438
1.03365
0.956907
0.987589
1.00566
0.978157
0.963449
1.0258
0.972375
1.03354
0.995959
1.00169
0.973414
0.954515
1.03572
1.01281
0.96087
1.02589
0.9827
1.0947
1.05065
1.0394
1.01774
1.04348
0.997647
0.926277
1.03187
1.00868
1.00007
1.02228
1.01674
0.996159
0.982762
0.996794
0.975465
0.951222
0.984691
1.05198
1.04813
1.043
0.962035
0.984988
0.958845
1.00027
1.02191
0.965846
0.940101
0.912344
1.02223
0.986642
1.10212
1.04107
1.05157
1.02848
0.978994
0.99175
1.00573
1.03221
1.03802
1.022
0.983864
1.03544
0.986015
0.976362
1.02187
0.991712
0.949481
0.983057
0.996967
0.995457
0.979695
0.977869
1.02731
1.04497
1.05771
0.999691
1.01279
0.957892
1.00847
0.971807
0.945604
0.999528
0.953422
1.01687
0.978032
1.01531
0.97862
1.03765
1.06756
0.93775
0.964598
0.985149
1.00124
1.01343
0.99581
0.990518
1.06732
1.01373
0.959472
0.971825
1.00456
1.00522
1.03716
1.02505
1.01214
0.986433
1.04888
1.06217
1.057
0.992995
1.03721
1.00747
1.01278
0.919081
1.01543
0.982623
1.05754
0.990427
0.98173
1.01079
1.0413
0.971083
1.05783
1.02103
0.981931
1.07379
1.0397
1.01943
1.01329
0.986981
1.01286
0.993744
0.991401
0.961684
0.937015
0.997503
0.996323
1.0244
0.994707
1.02818
1.03702
1.01743
1.04659
1.04971
0.991022
0.984408
0.956817
0.956963
1.03763
1.00609
1.00679
1.0265
0.977912
1.02833
0.940526
1.00352
1.05037
0.983142
1.01795
1.07549
1.02679
0.98798
1.00929
1.03817
1.01403
1.02772
0.99678
1.05784
1.03582
1.02119
1.03692
1.04357
1.01372
1.0262
0.978858
1.01796
0.966758
1.02262
0.941718
1.06668
1.05699
1.0195
1.01996
0.994292
0.980177
1.04216
0.980875
0.994009
1.00304
0.980279
0.931962
0.918685
0.966524
1.02446
1.02023
1.01566
0.932079
1.03557
1.00027
0.963535
0.952898
0.983518
1.03647
1.00077
0.924152
1.00428
0.976027
1.0256
0.935067
0.963651
1.03122
0.989836
0.998168
1.01221
1.01996
1.01764
1.03607
0.963999
1.0055
1.05744
1.04114
1.01964
0.981985
1.028
0.972255
0.993929
1.04135
1.02404
1.03694
0.950802
0.958133
0.925667
1.05394
0.910356
1.00105
0.932906
1.01985
0.969338
0.987951
1.00889
1.02385
1.00205
0.982819
0.973459
0.959128
1.00259
1.05702
1.00104
0.98377
0.97302
1.02031
1.03863
1.01498
1.06559
0.990821
0.996383
0.968269
1.02521
1.00858
0.97141
1.00963
1.02583
0.992264
0.971068
0.983589
0.965259
1.01146
0.955417
1.01302
0.968803
0.951661
0.994764
0.980024
0.960008
0.980332
1.08933
0.979869
1.02194
0.94942
1.00797
0.971834
1.03044
1.01272
0.940667
0.976919
0.915797
0.987608
1.00357
1.05556
0.983359
0.999794
1.02093
0.982834
1.01465
1.06593
1.05243
0.991368
0.934215
0.997298
1.02796
1.02643
0.964942
0.992371
1.01079
0.998832
1.07816
1.01321
1.01076
0.971104
1.04701
1.03438
1.06195
0.972464
1.01047
1.02708
1.04176
0.95985
1.00835
0.95414
1.00766
0.989882
1.04895
1.02208
1.0803
1.00473
0.999982
1.02394
0.961832
0.980671
1.01743
0.966617
0.990479
1.00138
1.06684
1.01382
0.961158
0.959269
1.02767
0.986437
1.02087
0.988614
0.980208
0.981464
0.969
0.937002
1.01569
0.988279
0.971673
0.995004
0.989923
0.967587
1.0235
0.973055
0.980442
0.978355
1.00418
1.01167
1.02424
1.03324
1.05802
0.986065
1.09091
1.03128
0.988244
1.03774
1.03105
1.01413
1.01879
1.0395
0.9519
0.981662
1.00976
1.01528
0.952071
1.04032
0.988272
0.959812
1.04267
0.982137
0.987197
1.03753
0.973143
1.05608
0.973773
0.976504
1.01038
0.95204
1.07654
0.977749
0.990329
0.974501
0.981167
1.01724
1.02959
0.946301
1.03724
0.99298
0.974578
0.935163
0.98447
1.06089
1.02148
0.967753
1.01693
0.956809
1.0115
1.00647
0.970954
0.985607
1.00627
1.01366
0.961925
0.98112
0.990225
0.969661
0.927009
1.0195
1.00107
1.03497
1.01158
0.99063
1.04292
1.02384
0.983276
1.02186
0.950282
0.986046
0.906005
1.02064
1.04723
0.978935
1.02024
0.990544
0.945968
1.05956
0.971001
1.03143
0.996216
1.03046
1.00709
1.01224
1.0415
0.953584
1.00887
0.988592
0.996939
0.994325
1.04642
0.923412
1.0394
1.06137
0.993226
1.03072
1.07876
1.02482
0.967514
0.990535
1.04805
0.983142
1.00568
1.03772
0.990392
0.974126
1.05674
0.939064
1.01613
0.953669
1.00501
0.924384
1.03099
0.96671
1.06066
0.957082
1.02577
1.0006
0.992701
1.01492
0.988084
1.01319
0.956186
0.952942
0.932169
0.96699
1.03228
0.991075
0.979252
0.990902
1.02151
0.989308
1.02087
1.0289
1.09098
1.00405
1.02951
0.985939
0.937494
1.01163
1.0644
0.982273
0.975801
0.987788
0.986804
0.963665
1.01448
1.02976
0.976044
0.933391
1.01743
1.05043
0.941724
1.02626
0.991986
1.01038
0.960352
1.02144
0.938153
1.0195
0.998518
1.03603
0.935495
1.0469
0.981418
1.00907
1.02143
1.0456
1.02333
0.991837
1.02197
1.0033
0.979766
1.0683
0.956071
0.972868
0.994395
0.96013
0.975973
0.987577
1.02958
0.980735
0.993216
0.945174
0.963854
1.02467
1.01719
0.94508
0.990821
1.00582
0.953075
0.981868
0.938213
0.96856
0.992357
1.03509
1.00367
0.971818
0.939796
0.992096
0.968155
1.0435
1.0323
1.0235
0.971853
0.984544
0.960596
1.06771
0.973231
0.962395
1.00076
0.998435
1.01916
1.03386
0.872066
1.03116
0.994778
0.981303
1.03451
1.00894
1.03514
0.930961
0.97513
1.024
1.0133
1.00348
1.00069
0.958711
1.03503
1.03251
0.988092
0.992054
1.00142
0.995486
1.01635
0.960203
0.991247
1.04294
1.00035
1.01845
1.01468
0.94315
0.957799
1.01013
0.973369
0.988697
1.03816
0.987824
0.988748
0.986627
1.05582
0.997353
0.949663
1.02128
0.941565
0.982327
1.01787
0.984165
1.04437
0.974836
0.994821
0.94893
0.979965
1.03802
1.02099
1.00661
0.983067
1.00731
0.940662
0.994496
1.00498
0.957253
1.0329
0.954052
1.00172
0.998781
0.99296
1.04125
1.11298
0.968189
0.99822
0.891468
1.02621
0.955317
0.994471
1.00356
1.00309
1.03552
0.935174
0.974785
0.989019
0.97289
0.966315
0.967295
0.99673
0.999662
0.967356
0.985689
0.975721
1.007
0.999531
1.01985
1.02407
0.987206
0.996555
0.996477
1.02201
0.987237
1.02373
0.956241
0.962921
0.971066
0.988893
1.00499
0.961746
0.995713
1.00134
0.989658
1.02116
0.992924
1.03327
0.951598
0.940941
0.973971
1.04382
1.00886
0.993185
1.03685
0.96116
0.960386
1.00892
1.00321
0.994868
0.937477
0.976227
1.0581
1.04118
1.01254
1.00041
0.999271
0.954354
0.970619
0.941548
1.0426
0.93731
0.997733
0.946554
0.999723
0.931317
0.90755
0.932958
1.0363
0.961807
1.03254
0.951214
0.995316
1.0064
0.998693
0.986697
1.03621
0.977224
1.028
0.991416
0.963194
1.05401
0.987792
0.958383
0.974767
1.04884
1.04064
1.00713
0.982964
1.0546
0.975619
1.01226
1.03852
0.955079
0.956067
1.02344
1.02317
0.957197
1.04264
0.927921
0.998159
0.963262
0.978177
0.954271
0.949098
1.00916
0.968337
1.03134
1.02254
1.01368
1.00743
0.986986
1.06355
0.980253
1.04361
0.994466
1.01713
1.04188
1.01451
1.02424
1.02459
0.948416
0.932234
1.03428
1.01077
0.997039
0.962293
0.943136
0.921338
0.98596
1.00878
0.999965
1.03442
1.00639
0.932011
1.05058
1.03749
0.954855
0.99794
0.998499
0.965979
1.02341
0.992025
1.02031
0.952349
1.01876
1.00651
0.957841
1.01467
1.01913
1.01886
1.03379
0.955187
0.972415
0.991462
1.04759
1.02646
1.01387
1.02992
1.00216
0.977218
1.00156
1.02156
1.03357
1.07666
1.06232
0.957056
0.965959
1.01848
0.981592
0.978307
1.01025
0.986127
0.921574
1.02321
0.954699
1.00537
1.01635
1.02682
1.0373
1.01723
1.02108
1.02148
1.06881
0.976275
0.962272
0.917935
0.944883
0.958332
1.05692
0.980952
1.04933
1.00699
1.00289
0.964352
1.01488
0.981961
0.910452
1.03847
1.02223
1.03054
1.01868
0.979274
0.967788
0.987782
0.965125
1.02045
1.02782
0.974081
0.982915
1.01242
0.975607
1.03766
0.938568
1.0224
0.999281
1.02068
1.02397
1.0081
0.984547
0.978966
1.02203
1.04362
1.04332
1.07111
0.968269
0.997064
1.01488
1.0184
0.932301
0.95003
1.01313
1.00248
1.04648
0.965304
1.03751
0.962105
0.970785
1.07092
0.981923
1.00748
0.988927
1.0029
0.978898
1.03719
0.926776
0.958712
1.06247
0.955602
0.99913
1.06598
1.06551
1.02244
1.03704
0.958927
0.993359
1.03557
0.999382
0.933354
0.969431
0.97975
0.969545
0.985361
0.981045
1.01436
0.954393
1.06916
1.05675
1.01918
1.02648
1.04614
0.985065
0.955884
1.04332
0.96685
1.04813
1.03847
1.05166
1.00441
1.01539
1.01778
0.981005
1.00499
1.03272
1.08673
0.995196
0.997888
1.03532
1.03245
0.966265
0.98299
1.02396
1.03134
1.02136
1.05169
1.04271
0.92514
1.03048
0.977438
0.936285
1.03426
1.03559
0.994319
1.06438
1.00985
0.986619
0.955375
1.02601
1.0079
1.02688
0.973942
1.04794
1.04489
1.0012
0.998464
1.0323
0.953142
0.988456
1.01378
0.935855
0.969665
0.984711
1.00176
0.97262
0.984322
0.982459
0.99563
1.00156
0.97805
0.98924
1.03913
1.01979
1.02692
0.974202
1.08867
1.02303
1.07682
1.01708
1.01737
1.01562
0.975656
0.972838
0.965634
1.05419
1.00131
0.995423
1.03077
0.968183
1.03881
1.06887
0.998216
1.00876
1.00464
0.949439
1.02275
0.989236
0.966571
0.996161
1.03039
0.960828
1.04744
0.979099
0.993246
0.956559
1.04192
0.954777
0.970961
0.965673
1.02063
1.03882
1.00818
1.00802
0.980697
0.92425
1.00623
0.998958
0.989529
1.06721
0.958504
1.055
0.955835
0.940046
0.984125
1.01093
1.07081
0.983973
0.968446
0.984258
0.969251
0.997465
1.04027
0.980564
0.970973
0.948772
0.996495
0.960974
1.02664
1.02403
1.02573
0.95855
0.946394
0.953192
1.04682
0.988358
0.991101
1.05115
0.937051
0.990959
1.00578
0.974388
0.987698
0.978875
0.944281
0.976807
1.02071
0.966377
1.04986
0.994976
1.02897
1.00192
1.01364
0.942958
0.996629
1.04614
0.985135
0.983693
1.01343
1.00034
0.955123
1.00155
1.01956
1.02011
1.02497
0.986926
1.00969
1.04634
1.00813
1.0233
0.980356
1.03209
1.05353
1.05604
0.938905
1.02244
0.994043
1.00787
1.04052
1.05404
1.01926
1.00315
0.988459
0.973174
1.03632
1.07779
0.987666
0.991425
0.960044
1.01022
0.997624
1.00141
0.958238
0.940028
0.973522
1.01855
1.02141
0.995556
1.03715
1.05941
0.97773
0.997592
1.04256
1.01253
0.991093
0.932725
1.00934
0.99785
1.0348
0.985653
1.01423
1.01496
1.04415
1.03066
1.01406
0.998716
1.03658
1.00002
0.982862
1.0443
0.981397
1.05796
1.02185
0.957719
0.96818
0.986993
1.02921
1.07241
1.0029
0.994834
1.02387
0.940943
1.05553
1.02916
1.02587
1.01959
1.01996
0.945783
1.03648
0.951174
1.02171
1.0583
0.971594
0.975916
1.04083
0.971721
0.98484
0.974995
0.922174
0.953923
0.96824
1.03247
0.991336
1.02196
1.00485
1.05044
0.995474
0.983449
1.0609
1.01401
0.992233
0.941805
0.988984
0.984924
0.917482
0.969072
1.03888
0.980039
1.03612
1.00211
1.00701
0.932062
0.973901
0.950293
1.02643
0.990754
1.05833
0.960317
0.96056
0.971483
0.972468
1.02257
0.953996
1.05326
1.01724
1.00551
1.01387
0.985872
1.04692
0.971588
0.990476
0.977241
0.998911
0.962026
1.04053
1.01501
0.950687
0.959421
1.03693
1.06345
1.00835
1.03153
1.03629
0.968163
1.0114
1.03859
0.979663
0.998049
1.06849
1.0068
0.984885
1.02424
0.923312
0.966474
1.00389
0.931561
0.995615
1.01365
1.01912
1.0406
1.02006
1.01054
0.945559
1.01082
1.02964
1.05106
0.951502
0.989259
1.01424
0.995817
1.03187
0.952684
0.936646
0.986938
0.977109
1.0276
0.989033
1.05422
0.991455
1.02635
0.989766
1.03397
1.01721
1.03657
1.00765
1.00344
1.02556
1.04799
1.02401
0.993317
0.967534
0.992145
0.96683
1.01272
1.04856
1.01104
0.98406
1.00608
0.994706
0.966921
1.00888
0.970324
1.0552
1.05248
0.995255
1.03336
0.971342
0.985932
1.00663
0.931182
0.967441
0.975773
1.00227
0.995007
0.960175
1.02758
1.03065
1.01164
1.01492
0.981972
0.982629
1.07409
1.00863
0.999101
0.971903
0.970491
0.999032
1.01778
1.03178
1.01691
0.921259
0.989875
1.0083
0.929327
0.982888
1.04424
0.99992
0.995801
0.984916
0.998477
1.05178
1.07798
1.04047
0.933758
0.978715
1.00296
0.980305
1.0055
0.901462
1.03718
0.97413
1.09431
0.987446
0.967434
1.04977
0.980256
1.05669
0.992341
0.966189
1.02095
0.992165
1.06312
1.04947
0.969854
0.938063
0.960972
1.02836
1.01919
0.998471
0.975153
0.993801
0.957531
0.979033
0.993485
1.02344
1.05342
1.03917
0.98162
0.977229
0.970545
0.988729
0.97725
1.02645
1.01627
1.02871
0.978732
1.03768
0.991967
0.97782
1.07594
1.08078
0.951785
0.982136
1.06137
0.9903
1.02587
1.01181
0.972052
0.974097
1.02244
0.973968
0.992258
0.977552
0.995921
1.02769
0.941546
1.04694
0.992067
1.01998
1.01409
1.02012
1.01765
1.01099
1.03325
0.96835
1.01056
1.03256
1.04362
0.943543
1.04437
1.02179
0.965081
1.03467
1.09708
0.985804
1.00158
0.996637
1.06352
1.00494
1.00487
1.02639
1.00073
0.997088
1.0117
0.979005
0.996152
1.01044
1.04232
0.928847
0.971938
0.992975
1.0789
0.998961
1.07533
1.00227
1.00882
0.926981
0.996191
1.01993
1.02341
1.03151
0.993221
1.02467
0.998404
1.00883
0.988919
0.986836
1.03864
0.9798
1.06102
1.07113
0.993854
0.968943
0.983369
0.95328
0.990611
1.01478
1.10253
0.954576
0.929843
1.0205
0.997995
0.970485
1.00283
1.07387
1.01132
1.03324
1.07419
1.04858
1.03699
1.02582
0.991141
0.941885
1.01042
0.98631
0.994342
0.998797
1.05119
0.996428
1.09152
1.04419
1.01681
0.993001
0.902329
1.00685
0.967342
0.950181
1.00723
1.04259
0.980447
1.04875
0.974166
0.987252
0.980906
1.001
1.04019
1.03966
1.03766
1.02805
1.03267
0.99828
0.9691
0.995363
1.02756
0.972355
1.03176
0.961968
1.02152
1.01374
1.03152
1.02548
1.02241
0.967102
1.03729
0.9713
1.02896
0.953728
0.962687
1.01255
1.03831
0.993933
0.967508
1.0437
0.926944
0.970825
0.991091
1.07189
0.956956
0.972744
1.0032
1.04094
0.969425
0.998832
0.994382
0.989841
0.962331
0.986633
0.980809
1.06735
1.02828
0.970448
1.00345
0.981701
1.00474
1.06568
0.973831
1.01957
1.02746
0.966124
0.994764
0.988852
0.994304
1.03874
0.979184
1.01305
0.999753
1.02776
1.02547
1.00299
0.99592
1.00152
1.01431
0.979128
1.00815
1.00172
1.03682
1.05534
1.01463
0.967597
1.06663
0.985205
0.990763
0.999241
0.995006
1.00482
0.973211
1.01003
0.999932
0.992821
0.991655
0.981765
1.01295
0.994772
0.960409
1.02859
0.965658
1.02619
0.993774
1.06893
0.956571
0.943456
0.995743
1.04149
0.966514
0.990867
1.00033
0.913467
0.956367
0.953902
1.0329
0.983708
1.06695
1.00414
1.03478
0.97034
0.982793
0.94256
1.03007
1.03478
1.03946
1.00037
0.999211
0.956472
0.986736
0.966775
1.0357
1.01626
0.947618
1.06095
1.00401
1.00094
1.04146
0.989998
0.988191
0.974218
1.04754
0.970357
1.01549
1.0294
0.96439
1.02128
1.01737
0.932592
1.01571
1.0275
0.958314
0.984521
0.995618
1.00551
0.990498
0.973299
1.00732
1.01543
0.956148
1.0194
0.943489
1.02294
1.0156
0.989716
1.01136
0.992923
0.93675
1.01606
1.09491
1.02683
1.00357
0.98135
0.951808
0.978653
0.995046
1.0703
1.01862
0.97233
0.980572
1.01425
1.0085
0.929021
0.965333
0.986029
0.994995
1.01387
1.02847
0.984564
1.04127
0.925151
1.00863
0.985674
0.968696
0.982086
0.974509
0.951148
0.994338
1.05948
1.02199
0.963899
1.05377
0.968775
0.993972
0.995462
0.951838
0.984182
1.02947
0.972343
1.05066
0.977911
1.03442
1.0514
1.00283
1.03239
0.957167
0.948462
0.934272
0.962836
0.985969
0.961013
0.976574
1.01967
1.00325
0.937599
0.946572
1.01351
1.01105
0.98045
1.00232
0.99515
0.994478
1.00853
1.02831
1.0488
1.02834
1.02207
0.922504
1.00652
1.02837
0.972072
1.02438
1.00414
1.06693
1.04909
1.05431
1.01442
0.983981
1.00863
0.998237
0.976038
1.01806
0.921273
0.939303
1.0039
0.946247
0.980635
0.995982
0.93327
0.92224
0.990507
1.01259
1.06356
1.00095
0.965895
1.02519
0.922025
0.953696
1.00504
0.995918
0.988746
0.974979
0.945808
0.994172
1.04038
0.980298
1.02491
1.02204
0.953561
0.955954
1.07721
1.01049
1.04595
1.0247
0.928418
1.01226
0.95752
1.02574
1.01738
1.00193
1.04785
0.99711
1.00865
0.90912
1.00321
0.975988
0.982005
0.960867
1.00995
0.96477
1.00817
0.975382
1.0176
0.980025
1.01715
0.983545
0.994441
0.982723
1.00418
1.01029
0.971716
1.03001
0.960966
0.937925
0.976146
1.00561
0.935656
0.968912
1.01112
1.02027
1.0054
0.988062
1.03672
0.990636
0.949851
0.968965
0.916369
0.980558
0.98606
1.06471
1.03103
1.02362
1.01488
0.988191
1.03782
1.04759
0.961386
0.966153
0.950127
0.969532
1.00362
0.994978
0.952051
1.0087
1.00048
0.924063
0.999304
1.01013
1.02018
1.0087
0.948028
0.980085
0.982428
1.05369
0.897051
1.03349
1.03619
0.968027
1.02181
1.02448
0.944242
0.976361
1.00914
1.0641
1.00714
1.00057
1.02173
0.981993
1.01239
0.968235
1.03045
0.969947
1.00615
0.923542
1.08614
1.07677
1.00523
0.966183
0.99271
1.00567
0.978626
0.997999
1.0152
1.00451
1.01092
0.947946
0.975277
0.909675
0.914599
1.08683
1.00912
1.09116
0.989417
0.977521
0.953592
1.02099
0.971259
1.04752
1.0211
1.0174
1.00734
0.979187
0.966325
0.964824
0.942301
0.988094
1.00025
1.05202
1.0053
0.977829
0.972169
0.934924
1.00763
1.01445
0.99007
1.06163
1.01223
0.989118
1.01584
0.971167
0.972687
0.974838
0.930008
1.03157
1.03503
0.98265
1.01182
1.02826
1.04047
1.04058
1.05504
1.03219
0.946048
1.04365
0.993189
0.988855
1.0178
1.04075
1.00238
1.06148
0.98674
0.968104
0.899118
0.949921
1.03576
0.972709
1.02077
1.03558
0.937569
0.997171
0.985131
0.945399
0.928824
0.927261
0.993285
0.97908
1.01871
1.04853
1.00864
1.00308
0.963564
0.990528
1.00683
0.914249
1.01174
1.01135
0.997231
0.995293
1.02589
0.967648
0.969424
1.00724
1.00554
0.966284
1.00995
1.00989
1.00508
0.998993
1.03395
1.05438
0.985952
0.925919
0.970916
0.967195
0.985042
1.01775
0.981229
0.994044
1.01057
0.987582
1.06087
1.02684
0.9513
0.972045
1.00379
1.03762
1.08701
1.04126
1.05091
1.02617
1.00713
0.989098
1.01451
0.999366
1.07385
1.06583
1.0057
1.00663
0.970266
0.928207
1.03043
0.946793
1.0402
0.955333
1.02702
0.928502
1.02856
1.00696
0.99436
1.00051
1.02944
1.00391
1.03202
0.984827
0.970763
1.06283
1.04049
0.996184
0.978542
0.90299
1.02447
0.947689
1.05543
1.01698
1.00146
1.03212
1.07092
0.975122
0.973165
0.965719
1.03938
1.00045
1.03802
1.01633
0.961399
0.989226
0.979487
0.945888
0.99894
1.04836
1.12273
1.05977
1.02733
0.977206
0.994288
1.01203
0.999689
1.00959
0.964215
0.985958
1.02058
1.01882
1.06855
0.973167
1.04358
0.983887
1.00824
1.01836
1.02425
1.0198
0.997172
0.981724
0.91583
0.98541
0.995298
0.95529
1.06181
0.977658
1.0572
0.973223
0.962678
1.01712
1.04604
1.01013
0.946351
0.999305
1.00675
0.971084
0.987879
0.960067
0.997136
0.95702
1.01073
1.00725
0.974713
1.01228
1.024
0.971657
0.983674
0.949373
0.959554
0.94175
1.04018
0.975831
0.980301
1.01189
0.977068
0.97217
0.916565
1.06406
1.00737
0.97858
0.97456
0.99953
0.976088
1.05479
1.01234
0.998628
1.01161
0.912802
0.962793
1.02192
1.04485
1.02866
0.98991
0.984188
0.989254
0.985896
1.07264
1.02943
0.990351
1.00585
1.05191
0.959174
0.996396
0.949173
1.02521
0.986424
0.960618
1.03985
0.964518
0.986023
0.987923
1.02883
1.05972
0.957795
0.96111
1.00557
1.02617
0.964742
1.01794
0.930654
1.01095
1.00473
0.997622
1.01633
1.01558
1.01937
0.994446
0.989774
0.978059
1.00995
1.0139
1.00014
1.01153
0.942623
1.02519
0.983979
1.0081
1.08305
1.00312
1.06065
1.05305
0.939384
0.968268
1.00541
0.996844
1.00958
0.994502
1.02208
0.937349
1.00281
1.03714
0.955881
1.01978
0.978099
1.02233
1.02413
1.03165
0.993498
0.976685
0.996433
0.979004
1.01126
1.00398
1.00995
1.00863
1.05158
0.999175
0.958053
0.984298
0.982902
1.0399
0.989092
1.06906
1.03152
0.983395
0.978495
1.04112
1.00079
0.989925
0.996768
0.987181
1.06652
0.939972
0.984271
1.02918
0.986681
1.04827
0.985285
1.0284
1.00011
1.03268
0.992771
0.989649
1.01037
0.977353
1.00871
1.01322
1.03999
0.970043
0.961996
1.05012
1.03081
1.04235
0.979988
0.992575
0.965173
1.01814
0.963757
0.972571
0.944157
1.0567
0.968786
1.00017
1.02195
1.06002
1.00146
1.06603
1.01911
0.976479
1.03752
1.00043
0.985067
0.963137
0.936378
1.01222
0.969336
1.07594
0.956539
0.97074
0.954765
0.987719
0.950058
1.06487
1.00439
1.03893
1.00143
1.03871
0.996879
1.03071
1.01926
0.971506
0.973179
0.891683
0.99123
1.00791
1.02681
0.971119
1.07029
0.976146
1.01534
1.01605
0.975812
0.970601
1.02501
0.972579
0.998729
1.04367
0.990903
1.0203
0.958453
0.933672
1.01163
0.981636
0.992737
0.971106
1.00747
0.970976
1.00906
0.998031
0.97095
0.994356
1.02467
0.964179
1.08451
0.93955
0.971242
0.944293
0.937026
0.983079
0.968167
0.998623
1.05147
1.00616
1.07653
1.09476
1.03222
0.99946
0.97576
1.03907
1.02088
0.997434
0.983089
1.02045
0.911648
1.02882
1.0366
0.99768
0.982097
0.964216
0.949256
1.001
1.01235
1.08025
1.05228
0.960812
1.02482
0.992884
0.982856
0.999035
1.01937
0.98726
0.986575
1.04059
0.999822
1.00431
1.01293
0.980833
1.03345
0.980199
1.03164
1.00465
0.990064
1.04792
0.988955
1.05942
1.03371
1.05187
1.03928
1.03209
1.01537
1.04372
0.994054
0.974271
1.01149
0.976196
0.961871
0.987065
0.983116
1.05983
1.03531
1.03445
0.98125
1.03582
0.981971
1.01205
0.997814
1.01041
1.02525
0.994371
1.04278
1.01451
0.959621
0.9916
1.03523
1.02103
1.02232
0.991993
1.05533
0.978914
1.01519
0.980862
1.02571
0.990215
0.974879
0.993535
0.968199
1.00724
1.01985
1.02965
0.982019
1.01129
0.977501
0.943328
0.953904
1.00144
1.02989
1.00057
0.991544
0.96455
1.03577
0.981757
1.01923
1.04086
1.01297
1.01284
1.06314
0.973474
1.00411
0.967475
0.996773
1.01054
1.02888
1.03818
0.972269
1.01459
0.963345
1.01439
1.00209
1.04938
1.00618
0.96296
1.04105
1.00573
1.03923
1.07542
1.05253
1.00246
0.946165
0.976158
0.995688
0.984989
1.01565
1.01244
0.970763
1.00283
1.03203
1.01664
0.929118
0.997102
0.992531
0.98185
0.957113
0.976626
0.972713
0.98956
0.993589
0.95004
0.977503
0.996552
0.96437
0.997793
0.993861
1.02645
0.984612
1.02197
1.07336
1.00876
0.966186
0.960197
0.997472
0.999065
1.00882
0.935835
0.982624
0.996548
1.02005
1.04548
1.08501
0.999052
1.04941
1.01066
0.96122
1.00861
1.06693
1.01213
0.981284
0.984248
0.965373
1.02122
1.0029
0.983632
0.971865
1.04254
1.03839
1.00674
1.05213
1.02667
0.97937
0.989528
0.96084
1.10307
0.998596
1.05688
0.938955
1.07799
1.01182
1.022
1.02054
1.07932
0.974799
1.06485
0.998036
0.995687
0.98014
1.03577
0.967064
0.997428
1.00013
0.940576
0.983466
1.02874
0.991995
0.978715
0.937911
0.989311
1.02107
0.946279
1.06433
0.975807
1.06434
1.01076
1.01129
0.997719
1.00423
1.03617
0.94821
0.893911
0.968216
1.00082
1.04235
1.05251
1.06432
1.04663
0.964228
1.00952
1.01707
1.01426
1.02418
1.02241
1.0348
1.02239
0.970816
0.987144
1.06823
1.01367
1.0106
1.07089
1.01282
0.98278
0.983064
1.02291
0.99589
1.03676
0.995993
0.994883
1.00835
1.00398
0.964881
0.986555
1.00784
1.00901
1.01161
0.988705
0.991182
0.98925
1.02158
0.952446
0.978547
0.995526
0.983768
0.982085
1.04438
0.967952
0.994394
0.957596
1.03999
0.962653
1.0335
1.0146
1.02941
0.950536
0.972291
0.993753
0.948612
1.02212
0.960232
0.920766
1.02331
1.00912
1.00107
0.999362
0.957631
0.995899
0.995394
1.04703
1.03106
0.961158
1.04964
0.988543
1.03779
0.962051
1.02113
1.04146
1.00784
1.05641
1.05926
0.989521
0.965237
1.03509
0.995462
0.951338
1.04468
1.07757
0.948613
1.03263
1.00117
1.01482
1.03132
1.07849
1.02919
1.02275
1.02058
0.981496
1.01368
0.992292
0.9651
1.00314
1.00981
1.04274
0.979758
1.0269
1.02894
1.04305
0.924088
1.02337
0.953836
0.996588
0.961731
1.04716
0.998783
1.01872
1.01178
0.984513
1.00445
1.02201
0.969436
1.03208
0.971713
0.978448
0.950262
1.01135
1.04456
1.00878
1.07054
1.0225
1.05291
1.025
1.00895
1.05102
0.989111
1.05935
0.976558
1.01407
1.0795
0.971897
0.947779
1.01451
1.01677
0.993813
1.05437
1.016
1.01062
0.981863
1.01786
0.995971
1.00587
1.00553
1.03154
0.966367
1.01822
1.01221
1.01853
1.0631
0.972144
0.989991
0.978945
1.0319
1.06374
1.00975
0.977687
1.01123
0.976606
0.984848
1.02593
0.987712
0.989338
0.999126
0.989488
0.956975
0.972818
1.02202
1.01989
0.985468
1.0257
1.01371
0.973301
1.04723
1.00499
1.06871
0.996746
0.976786
1.01446
0.996663
0.997076
1.00879
0.96813
1.02317
1.01919
1.06846
0.974045
1.02125
0.974427
0.9442
0.993471
0.979474
1.02205
1.07473
1.01671
1.05488
0.917997
1.01478
1.02638
0.907285
1.05221
1.02472
0.961031
0.93541
1.05217
0.956167
0.981904
0.946443
1.01381
0.99169
1.00666
1.08573
1.0533
0.992379
1.0115
0.995535
1.00728
1.0063
0.982969
1.0094
0.993776
1.0385
1.0426
1.02791
0.971792
0.98909
0.964948
1.02224
0.965779
1.00536
1.05029
1.00737
0.990021
1.02317
1.04411
0.989906
0.990078
0.967871
1.03209
0.998349
0.951865
1.00302
0.946847
0.974429
0.966769
1.02944
1.00472
1.02766
0.960886
0.951911
1.04124
1.02085
1.00801
1.00097
1.03632
0.993966
1.03527
0.972591
1.03374
0.968146
1.01645
0.932118
0.957349
0.960008
1.04442
1.02716
0.996955
0.99969
1.02086
1.00399
1.01906
1.00966
1.03427
0.994005
0.943234
0.952381
0.987756
1.05024
0.953839
1.04364
1.02877
0.992403
1.00579
0.994266
1.05709
1.03624
1.00095
0.985013
1.03636
1.07643
0.951832
1.00324
0.98345
0.993941
1.04286
0.983934
0.98036
1.04511
0.960448
1.00137
1.0786
0.94459
0.988732
0.977648
1.03179
0.932685
1.00653
1.03015
0.979386
0.955219
0.976691
0.97955
0.985568
1.0147
0.988172
1.00082
1.03833
0.953593
1.02836
0.988979
1.04778
1.04487
1.03127
1.03004
1.0088
0.966349
1.10942
0.952269
0.979589
0.95745
1.06437
0.949191
0.973605
1.00976
1.0533
0.946752
1.03617
0.977845
1.02262
1.01859
0.958407
0.995704
1.0713
0.995975
0.983918
0.922665
0.931645
0.993095
0.927745
0.990491
1.00918
1.01449
1.0765
0.962193
1.0022
0.968137
1.00031
0.998247
1.07171
0.921483
1.02228
0.968498
0.977199
1.01159
0.989712
0.967192
1.00875
1.01548
1.00681
1.03824
0.992978
0.997603
1.01852
0.9836
0.977206
1.04577
0.992438
0.981865
0.98617
1.0263
1.00849
0.943718
0.994644
1.03815
1.02074
1.0292
0.971306
0.953717
0.951125
0.963824
1.00765
0.990373
1.06269
0.995835
1.00544
0.991309
1.00868
1.01462
1.08812
1.01849
0.955532
1.01073
0.975186
1.04502
0.975498
1.00998
0.960142
1.01248
0.994945
1.06773
0.965453
1.00614
1.00292
0.998715
1.00637
0.991084
0.984774
1.03257
1.00114
0.99222
0.968382
0.992305
1.00207
0.989598
0.965094
1.02504
1.08055
0.992328
1.03515
0.984183
1.02106
0.995486
0.975241
1.05272
0.949579
0.981389
1.01456
0.943051
1.02781
0.989178
0.99613
0.961504
0.95899
0.976805
0.984108
1.0155
1.00785
0.981283
1.04192
1.02589
1.02034
1.06564
0.975391
1.00016
1.0321
1.00398
1.032
0.970406
1.03212
1.03
0.99273
0.978904
1.02462
0.99941
0.972212
1.02894
0.99207
0.999239
1.02794
0.992181
1.03478
1.02183
1.0564
0.992195
0.943053
0.929848
0.968116
0.993087
1.00048
0.995384
0.945914
0.992114
1.00106
1.00092
0.99735
1.03888
1.00301
1.05328
1.06071
0.978191
0.946661
1.01055
0.968826
0.986433
1.02969
0.947805
0.998079
0.934185
1.02357
0.935996
1.03176
0.986347
1.01326
0.998225
1.01764
1.00535
0.988297
0.903069
1.00788
0.978014
0.99515
0.996187
0.995822
0.982579
0.979709
1.06239
0.990421
0.992191
0.956681
0.988391
0.953789
0.998835
0.978189
0.977919
0.919692
1.00632
0.99183
0.942105
1.06343
1.02006
0.99371
0.924
1.00539
0.98408
0.974076
0.943457
0.97228
0.974649
1.06698
1.0252
1.00196
0.987466
0.984724
1.04973
0.972781
1.06847
1.00278
0.960874
0.98745
0.979186
0.917116
0.927931
0.984124
0.988631
0.956545
1.02273
0.997138
1.03695
0.940238
1.01528
1.0104
0.984253
1.01712
0.981766
1.04408
1.03508
0.997407
0.979119
0.945049
0.949237
1.01197
1.01231
1.0283
1.02691
1.03615
0.973252
0.956809
1.02229
1.02994
0.993076
0.983924
1.03191
1.05017
1.01847
1.01124
1.02955
1.05445
1.05736
0.946791
0.965429
0.968945
0.988793
0.97929
1.0066
1.01109
1.00833
0.978773
0.994561
1.03829
1.06871
0.998755
1.0524
1.06664
0.977674
1.02159
1.04676
0.942117
0.926496
0.942997
1.01374
1.02171
0.989503
0.991942
0.9622
1.02748
0.962183
0.993405
1.03962
0.962686
0.963733
1.02012
1.01329
0.97902
1.00695
1.00504
0.965199
0.950885
0.993747
0.978824
0.998387
0.942851
1.04675
1.02148
1.04882
1.01513
0.985447
1.06782
0.997257
1.01428
1.06483
1.00797
1.03327
0.985484
0.948006
1.04168
1.04795
1.02865
1.02834
1.08277
0.965605
0.965986
1.00319
0.95345
0.971948
1.04517
0.983417
1.0193
0.991029
0.91575
0.978588
0.959321
1.00291
0.998253
0.959259
0.971268
0.99784
0.996719
0.943935
0.967376
1.01055
1.00813
1.0041
0.952042
1.03501
1.03701
1.01877
1.01175
1.00917
1.04616
1.00932
0.975646
1.04008
0.959285
1.05392
0.941735
0.989257
0.991481
0.98271
1.02183
1.06365
1.00779
1.00843
1.0202
1.06705
1.02329
0.965886
0.986975
1.01417
1.01461
0.947572
0.941532
1.00321
0.960972
1.00702
0.976411
0.949478
1.02243
1.01826
1.01693
1.02508
0.982682
1.04266
1.01959
0.963013
0.989047
0.98623
0.974784
1.07437
0.993346
1.024
0.934936
0.959288
1.01791
1.03983
0.989079
0.995859
0.927794
1.01993
1.00271
0.965426
0.992756
1.03079
1.03744
0.949234
0.986391
0.99476
0.970096
0.932511
1.01645
0.954674
0.978856
0.987585
0.974563
0.966142
1.03768
0.981089
1.08005
0.930868
0.91134
0.955278
0.969121
1.01386
1.00378
0.989989
1.00311
0.987792
1.01167
1.0497
1.06949
0.958387
0.984278
0.954311
1.00804
1.0479
1.04105
1.01484
0.97898
1.01427
1.03775
1.05781
1.01603
0.960783
1.02368
1.04961
1.01565
0.978704
0.961808
0.957779
0.955706
0.967341
1.00016
0.998788
0.988496
1.02547
0.993297
1.00252
1.01514
0.985883
0.991642
0.978455
0.933828
1.01048
1.00897
1.04343
1.00173
0.98015
0.988581
1.00265
1.00393
1.01196
0.988516
1.01322
1.01758
1.02402
0.980045
0.99113
1.04247
1.02
0.973242
0.950511
1.03088
1.00269
1.00037
1.00633
0.976432
1.01984
1.007
1.07911
0.955055
1.04246
1.07044
0.969724
0.994635
0.995762
0.999655
0.985508
1.01619
0.92399
1.03747
1.0198
1.00142
0.984562
1.02895
0.980171
0.997685
1.03352
0.975421
1.01844
1.00735
1.02913
1.02138
1.10546
1.04061
0.994142
1.0359
1.0161
0.976469
0.995965
0.977041
1.02035
0.978473
1.09038
0.97193
0.953924
0.977105
0.955689
1.04891
1.00239
0.991793
1.02102
1.01753
0.987923
1.01296
1.01399
0.946188
0.997941
1.05194
0.974337
1.02552
0.975598
0.949702
1.04199
1.00395
1.04863
0.976837
1.02762
0.996889
0.982508
0.98639
0.976737
0.997319
1.03845
0.980148
1.01294
0.994281
1.03029
1.03711
0.978393
0.938146
1.01026
1.04866
1.07906
1.00384
0.961186
0.976423
1.04217
1.06649
1.01509
0.962694
0.977018
1.00519
1.05044
1.00389
1.03247
1.04275
1.01521
1.0023
0.985071
0.983266
1.0425
1.00957
1.01354
0.971483
0.936219
0.999235
1.05152
0.938571
1.00676
0.996095
1.02724
1.03119
0.959339
0.970386
0.962283
0.976552
0.986085
1.00282
0.925404
1.00596
1.02564
0.971607
0.966611
1.08148
0.99793
0.947934
1.03982
1.04907
1.00645
0.991724
0.976505
1.00528
0.930894
1.00312
0.995922
1.02618
0.950368
0.97576
1.06236
1.00657
0.93988
1.02969
1.02601
0.986143
1.01164
0.993681
0.983393
1.00681
1.04474
0.980598
1.01634
1.0183
0.955248
0.992276
0.957424
0.969573
0.97447
1.05925
1.02423
1.03223
0.970939
0.979657
1.01871
0.97336
1.01138
0.949598
1.01183
0.991922
1.01057
0.944236
1.01709
1.03659
0.964021
1.03899
1.06128
0.944547
1.00967
1.02514
0.997381
1.02131
0.963557
1.0252
1.0129
1.00995
0.972674
1.05781
1.00268
0.965594
0.911735
0.965673
0.978356
0.998576
1.04513
0.998673
1.01107
0.985799
0.989802
0.974722
1.04305
0.941358
0.978562
1.04268
1.04287
0.982993
0.94893
0.997788
1.0034
0.976597
1.07334
0.976179
1.00518
1.01586
0.989119
1.03295
0.996431
1.05711
1.06125
0.977715
1.05118
0.998696
0.985513
0.970064
1.00616
1.00087
0.936894
0.955662
1.05092
1.04517
1.00906
0.995437
0.97626
0.915819
1.02768
0.954057
1.06765
0.994732
1.00316
1.03545
0.976132
0.993745
0.993975
1.00295
1.00571
0.926171
0.99093
0.996081
1.07206
0.954232
0.946464
0.993898
0.988773
1.01708
0.95367
0.970192
0.978842
1.04433
0.989649
0.988788
1.01427
1.0194
1.00737
0.937746
1.08052
0.987609
1.0241
1.01332
0.955746
1.00356
0.987156
1.03653
1.03345
0.94543
0.924616
1.00319
0.972133
1.04541
1.03379
0.998634
1.00311
1.01969
1.04766
0.897787
1.0114
0.994669
1.01667
0.99598
0.972744
0.914089
0.974973
1.05338
1.01736
1.02859
1.00528
1.02219
1.00111
1.03409
1.02261
0.988513
1.03145
0.975066
0.938073
0.958309
0.991215
0.995094
1.00593
1.00011
0.948769
1.02111
0.98415
0.973642
0.967631
0.979853
0.938154
0.983222
0.966082
1.00204
1.00855
1.03503
0.968445
1.01713
0.988573
1.0265
0.932179
0.981551
1.01445
0.99498
1.00402
0.964671
0.992958
0.998548
1.00943
0.987617
1.03792
1.01658
0.997587
1.01567
1.03787
0.934093
0.959787
0.907858
1.02051
1.08136
0.982682
0.962641
1.02048
1.01884
1.0086
1.03638
1.01604
1.06606
1.00692
0.978978
1.01684
1.01395
0.998309
1.00531
0.973833
0.979963
1.01447
0.995139
1.03247
0.998055
1.00989
0.992185
1.03274
0.962905
1.02177
1.00182
1.03418
0.988567
0.978031
1.01096
1.00765
0.929185
0.965844
0.953215
1.01941
0.985951
1.00324
0.972768
0.958747
1.01602
0.985395
0.970686
0.99839
0.995243
1.0333
1.02815
0.976712
1.02157
0.988135
0.974314
0.980109
0.932677
1.03859
1.07982
1.01832
0.962034
1.02423
0.989886
1.07337
1.00043
1.07344
0.949116
1.01536
1.01388
1.05262
0.969625
0.988835
1.03545
1.02675
0.986044
0.98416
1.02189
0.916759
0.966395
1.00942
1.00635
1.04338
0.993704
1.00368
1.04211
0.969608
1.02839
1.02418
0.985038
1.0151
0.951761
0.999062
1.07838
0.957152
0.96354
1.00504
0.983519
0.951723
1.01722
0.988777
1.01114
0.948821
0.969071
1.02836
1.03817
0.987543
0.999023
1.06413
1.08122
0.925625
0.960349
0.985426
0.995812
0.977448
0.952035
0.995996
1.00692
1.04378
1.01407
1.02556
1.01711
0.983721
0.946177
1.00682
1.06642
1.01282
0.993528
1.02805
0.985746
1.00347
1.05886
0.999889
1.02385
1.01159
0.961975
0.971018
0.977108
1.01288
0.974553
0.975454
1.02975
0.959754
0.983872
1.02236
0.937386
0.993784
1.00741
0.958543
0.9856
0.983276
0.921157
1.0078
1.04983
1.02814
0.988974
0.996241
0.928859
0.963586
1.06876
0.972045
1.01229
1.06994
1.03464
0.947683
1.03112
0.968467
0.947939
1.05171
0.954301
1.04795
0.999236
0.947641
1.04031
1.00109
1.03706
1.03895
1.05296
1.02509
1.01919
0.976743
0.965638
1.01618
1.00821
0.971587
0.98548
1.02214
0.95716
1.05962
0.998306
1.03263
1.01375
0.984959
0.982755
0.951915
0.984594
0.983498
1.02248
0.969633
0.973375
0.997162
0.966623
0.951398
0.992211
0.974317
0.965532
0.935395
1.00738
1.02365
0.990177
1.02951
1.06142
0.99775
1.01979
1.01604
0.952563
0.928937
1.0475
0.994954
1.01968
0.976085
0.991777
0.960687
1.01908
1.06187
1.0799
0.974965
1.05898
0.982919
0.99863
0.954865
1.00999
1.01104
0.9996
0.960085
0.969428
0.969877
0.981842
0.986679
0.993491
1.04852
1.03613
1.05557
1.0041
0.992886
1.02489
0.955232
0.949653
0.973749
1.00329
1.01546
1.06832
1.00098
1.02134
1.00395
0.996752
1.01179
0.963271
1.09168
1.05662
1.06188
1.06747
0.993944
0.968035
0.997843
0.975429
0.919067
0.967955
0.985248
1.01353
0.95407
1.03853
0.953518
0.948674
1.04087
1.01295
1.00156
1.05334
0.969969
0.965751
1.00162
0.956235
1.03278
0.996753
0.982368
0.989348
1.00145
0.977435
0.990421
0.963543
0.986953
0.976868
0.944849
1.0622
1.01366
0.997314
1.0073
0.97327
1.00878
1.02212
1.00472
1.01248
1.00261
1.01892
0.9819
1.00705
0.961183
1.03543
0.979985
1.0271
1.01403
1.04199
1.05098
1.04859
1.031
1.01177
1.04807
1.04132
1.00534
1.02066
1.00177
0.9945
1.04129
0.963569
1.07224
0.981152
0.9598
1.02906
1.01114
0.95298
0.876062
0.9425
1.01527
1.04494
1.03106
0.977129
0.931705
1.00232
0.989237
0.950633
1.00423
0.984562
1.05772
0.984587
0.944679
0.976216
1.02035
0.957445
0.968542
1.04337
0.990422
1.01027
1.00853
0.971163
0.993928
0.965172
1.04281
1.00918
0.961809
0.944436
1.05536
1.0005
1.06126
0.983244
0.967053
0.984167
1.01652
0.994702
1.0009
0.98548
0.987812
1.001
0.998988
1.04727
1.04088
0.951151
0.921571
1.05144
0.995407
0.981317
1.04602
1.0631
1.00175
1.05702
0.980394
0.962021
0.994148
1.00743
0.990755
1.01785
0.980508
1.0139
0.956345
0.955921
1.01291
0.974168
0.948207
0.960722
0.997313
0.983946
0.951783
0.997724
0.957991
0.943094
0.953771
0.966582
0.97054
1.04976
0.998564
1.0041
0.973547
0.999983
0.951738
1.01295
0.977475
0.996748
0.938667
1.03382
0.960743
1.00112
0.980096
1.03247
1.02488
0.959049
0.968409
1.00718
0.981328
1.01878
0.987895
0.976863
0.990749
0.948151
1.00946
0.949063
1.0122
0.950615
0.979179
0.997906
0.953418
1.08477
0.990523
1.01828
0.947052
1.0263
0.980284
1.02621
1.02391
1.04475
0.965672
0.973841
1.07173
1.00829
0.993483
1.03286
1.02588
0.959579
0.976088
1.00401
0.958723
1.03756
1.00916
0.992275
0.995039
0.98532
0.940531
0.959572
1.01355
0.911945
0.99385
0.908325
1.01603
0.984298
0.955223
0.976312
0.977039
0.978235
1.00144
0.929941
1.02262
0.968731
0.956392
1.04353
1.02341
0.943508
1.05012
1.0211
0.977066
0.971332
1.00909
0.988318
1.04702
0.972009
0.979
0.970296
1.05778
1.03408
0.978729
0.940252
0.928221
0.991788
0.99701
0.984205
1.01902
0.988011
0.965812
0.995071
0.978541
1.05102
0.986994
0.971553
1.012
0.979912
0.95231
0.974738
1.02302
1.04142
1.03535
1.08763
1.03102
1.00617
1.02562
0.952205
1.06894
0.999565
0.960555
1.02427
0.927295
1.00981
0.963208
1.00267
1.05488
0.989161
0.952593
0.93872
1.01114
1.03288
1.03556
0.988563
0.92091
0.962039
1.00835
0.978483
1.04118
1.023
0.917468
0.949388
0.954442
1.01404
1.06449
1.0117
0.970215
0.963404
0.991422
0.998993
0.983891
0.991693
0.96313
0.942713
1.01446
1.04787
0.999304
1.0184
1.01402
1.03344
1.00159
1.0431
0.991887
0.932251
1.01305
0.940318
0.977502
1.03385
1.03393
0.979691
1.03849
0.975369
1.01349
1.02834
0.987131
1.01029
1.05702
1.02179
0.95781
0.9646
0.959059
0.916686
0.962298
1.00143
0.907148
0.989309
1.0521
0.980734
0.971771
1.05908
0.982683
1.02344
1.07574
1.00488
0.997496
0.955786
0.931864
0.952842
0.935637
0.968708
0.988099
1.05579
1.04467
1.02036
0.997575
1.03795
0.93511
0.972121
0.989007
1.01499
0.944228
1.03811
0.953048
0.977714
0.950011
0.973918
0.99186
1.01577
0.966418
1.01746
1.0145
1.05913
0.948508
1.01891
0.979674
0.942037
0.991138
1.01406
0.976693
0.978144
0.989255
0.9809
0.980299
1.02618
0.918687
1.02717
1.02966
1.01669
1.01034
1.03404
0.976281
0.974085
1.04062
1.01666
1.01193
1.01511
1.03269
0.957747
1.03768
1.03767
1.02859
0.972076
1.01856
0.941304
0.987911
0.928344
0.970195
1.03779
0.996567
1.05104
0.97766
0.983409
1.04553
1.01324
0.99352
1.06872
0.956091
0.989222
0.998713
0.986507
0.988848
1.0327
1.04264
1.00207
0.94476
1.00239
0.968324
1.04467
1.01575
0.933191
0.986008
0.965551
1.00282
0.996955
1.01748
0.996413
1.00655
0.974692
1.02182
1.05301
0.996973
1.01934
1.03477
1.02263
0.979138
0.933676
0.936547
1.03624
1.02294
1.01325
0.983739
0.994199
0.974477
1.0513
1.00881
1.09402
1.05996
0.955676
0.985923
1.02426
1.00849
1.08429
1.02173
0.976092
0.976902
1.02204
0.982183
1.01623
1.01832
1.01912
0.910807
1.00139
1.02851
0.981162
0.979186
0.970145
1.00689
0.980738
1.02705
0.959109
0.986787
1.00518
0.945716
1.02164
0.990248
0.986443
1.03091
0.925971
1.03433
1.04884
1.02611
1.03781
1.03737
0.949491
1.01446
1.00438
1.04413
1.0361
1.02027
0.995604
0.99759
1.04735
1.02683
1.02396
1.02431
1.01658
0.985563
0.996285
1.0255
0.978118
1.01192
0.943656
1.01042
0.976106
1.02042
0.959599
0.97494
0.961898
0.945999
0.956518
1.01936
0.992802
0.936406
0.960389
0.996071
1.06411
1.03019
0.977816
0.968349
0.98414
1.01237
0.955124
0.98357
0.948612
0.955726
0.992576
0.976363
1.01428
0.979325
1.04588
0.973571
1.01105
1.02804
1.08325
1.03007
0.961795
0.990995
0.986966
0.984985
1.06527
0.979336
0.959423
0.994364
1.01974
0.989741
0.940397
0.968042
0.97968
1.03689
1.00414
1.03842
1.06799
0.935985
0.962602
0.975956
1.00996
0.982478
1.02019
0.991054
1.01135
0.981751
0.97357
1.01666
1.00421
1.00407
0.962443
0.986894
1.00638
0.973835
1.08903
0.972258
1.02456
0.966792
0.94993
1.01106
1.00397
0.99994
1.0661
1.0163
0.974213
0.97585
0.992977
1.02434
0.983076
1.02292
1.0168
0.951462
1.02411
1.03326
0.962237
0.952036
1.06434
0.978847
1.05892
0.989712
1.00159
0.978321
0.972488
0.975867
0.978444
1.01769
1.03653
0.977447
0.990965
0.979709
0.983451
0.937608
1.04748
1.04855
1.00257
1.01964
1.00819
1.04466
0.990248
1.01594
0.962693
0.992148
1.03461
0.968416
0.980908
1.05409
1.01455
1.02204
1.03286
1.01236
1.03387
1.00898
1.02653
1.06233
1.00263
1.018
0.999137
0.993727
1.01782
0.954854
0.937685
1.00901
0.941679
0.938679
1.02802
0.96695
0.996377
1.00472
1.05708
0.967322
0.975299
0.981024
1.00068
0.95271
1.00941
1.02479
1.0469
0.977115
0.977749
0.975708
0.969932
0.962055
1.05482
0.935733
0.980535
1.03301
1.00508
1.02599
1.01251
1.0018
1.01312
0.991254
0.948365
0.953323
1.02364
1.03197
1.04533
0.979808
0.980829
1.00309
0.957347
1.04047
0.908076
0.902554
1.04398
1.06344
1.02291
1.02425
1.0183
1.03967
1.02348
1.02229
0.986154
1.0774
0.982424
1.02787
0.918648
0.922073
1.02232
0.981251
0.934122
0.967116
0.956835
1.03579
0.996302
0.970371
0.993176
1.00622
0.994909
0.994226
0.993635
0.946516
0.958295
0.952238
0.990213
1.00198
0.935382
0.990184
0.974792
0.962745
1.00478
0.986523
0.959728
0.998514
0.943496
0.955746
1.06393
0.991327
0.977465
1.02147
1.00117
0.942391
1.03652
0.947388
1.03616
1.05836
1.01442
0.976929
0.920715
1.02396
0.949558
0.998659
1.01019
0.979566
0.962725
0.981569
0.976466
1.04024
0.970634
0.993014
1.04459
1.02955
0.981248
0.953617
0.918555
1.03181
0.980729
0.964273
0.969444
1.03463
0.979091
1.03311
0.991106
1.01761
1.03674
1.00293
0.969954
1.01004
1.00093
0.965207
1.01037
0.968369
1.00057
0.980011
0.986838
1.05268
1.01414
0.981023
0.978298
0.971036
0.998426
1.00665
1.0286
0.9358
1.01436
1.01931
0.987575
1.00151
0.955002
0.989147
1.09311
1.03699
1.04271
0.95015
0.971089
1.07943
1.04104
1.01897
1.08815
1.05902
0.966059
1.05208
1.00039
1.0053
1.02498
1.04352
0.98963
0.996914
0.955089
0.952432
0.930413
1.0011
0.947725
0.968606
1.01463
1.03222
1.08668
0.971191
1.04179
1.00745
1.03342
0.98213
1.02242
0.96644
1.01928
0.999498
0.970733
1.01687
0.964838
0.96688
1.04307
1.01949
1.02956
0.985238
1.05456
1.06499
0.93802
0.949579
0.998842
1.05181
1.00937
0.991046
0.939521
0.990442
1.03588
0.981756
0.997979
1.02382
1.02852
0.981407
0.987492
1.01753
0.991263
1.05029
1.03138
1.04828
0.993165
0.969603
0.97662
1.01984
0.942145
1.00978
1.04545
0.961133
0.970229
0.9383
0.98078
1.01257
1.06719
0.979132
0.973563
1.01773
0.97964
1.0385
1.01067
0.975292
0.947927
0.944126
0.993169
1.09743
1.01993
0.966478
1.05319
1.09046
0.971351
0.971871
0.981773
1.00244
1.03105
1.01519
1.01451
1.03087
1.0133
1.06972
0.984521
0.979797
1.05533
1.01812
0.954565
0.963011
0.930545
0.949572
0.95402
0.975997
0.943131
0.954185
1.02905
0.969734
1.03753
0.969037
1.02264
0.961149
0.966801
0.998795
0.946046
1.02258
1.03919
1.01279
1.01255
1.03054
0.992773
1.01746
0.941522
1.03473
0.993787
1.02024
1.01301
1.03184
0.994837
1.01603
0.901839
0.999165
0.990944
0.981597
1.04039
1.02831
1.04107
1.00598
0.988345
1.0134
1.00022
0.961105
1.01912
0.979796
1.08768
0.987514
1.04749
1.03307
1.05566
0.988598
1.10212
0.979912
0.99077
1.00097
1.00561
0.939699
0.964598
0.991993
1.067
0.936544
1.04643
0.967894
1.06173
1.0295
0.94464
1.11435
1.00071
1.06707
0.98894
0.938014
0.984707
0.981054
0.98254
0.983713
1.00989
0.951221
0.981007
0.98844
1.01823
0.971833
0.996522
1.07427
1.05385
1.07663
1.00805
1.00808
1.03032
1.04103
1.00662
1.03904
1.04527
1.04857
0.976822
1.01812
0.987395
1.06236
0.975568
1.02249
1.02893
0.990878
1.01228
0.98735
1.02123
1.03458
0.98889
1.03676
0.976705
0.993399
0.998032
1.01466
1.00262
0.951937
1.01992
0.973618
0.996783
1.03794
1.02105
1.01606
1.05576
1.01678
1.08089
0.987666
0.990695
0.999382
1.04189
0.983406
0.9766
1.01796
1.04455
0.96101
0.968131
1.01496
0.972193
1.04023
1.01853
0.979144
0.966631
0.995763
0.976512
0.988072
1.00516
0.973627
0.962711
0.993972
1.0558
0.961139
1.03479
1.01602
0.984409
0.989747
1.04178
0.986881
1.0028
0.993136
0.995465
0.984636
1.02654
0.97557
1.04299
1.02251
1.0461
0.973988
1.00326
1.00096
0.96077
1.05282
0.990753
0.955071
1.01702
1.03558
1.09565
1.01534
0.978309
1.00099
1.01663
0.992194
0.868414
1.06495
0.996038
0.994633
1.0031
1.00551
0.996909
0.998121
0.975074
0.92821
1.02055
1.0551
1.04007
1.0894
1.00983
0.920279
0.977006
0.995537
0.997448
1.01157
0.98732
1.00242
0.988794
0.961432
0.952708
0.957573
1.02707
0.971127
0.99128
0.97385
1.00611
0.981977
0.984166
1.02448
1.04876
1.03072
1.05635
1.08141
0.985784
0.943572
0.992597
0.963107
0.956858
1.00458
0.956488
1.01914
1.01854
1.00158
1.00907
1.00484
1.00637
1.03441
1.00642
0.990006
1.00327
1.00965
1.02325
0.985301
0.994168
0.977727
1.04353
0.972049
0.996311
0.975568
1.00505
1.045
0.985502
0.992766
1.0269
0.966529
1.03541
1.00672
0.988557
1.00911
1.05369
0.989093
1.03362
0.980761
0.95783
0.976641
1.02877
1.03053
0.984951
0.999133
0.958249
0.961135
0.966316
0.958114
0.97108
1.0208
0.998503
1.01785
0.997871
1.02829
0.966505
1.04918
0.999178
0.959602
0.977964
0.99913
1.01314
0.975866
1.03208
1.05595
0.993925
1.01352
1.00196
1.06762
0.984962
0.992926
0.99856
1.02038
1.04891
1.02518
0.95441
1.0517
0.968488
1.02387
1.03242
1.02379
1.00039
1.01204
1.04914
0.954758
0.950379
1.05411
1.00385
0.937073
0.988066
1.02465
0.97998
0.965034
0.967453
1.05808
0.977856
0.95917
0.980812
1.0074
1.00619
1.01668
1.03063
0.984188
0.993812
1.00062
0.973971
0.978256
1.02776
0.994033
1.00158
0.979976
1.02395
0.944579
1.03265
0.932071
0.973228
1.05709
1.00857
0.984766
1.01794
0.967869
0.935999
1.01972
0.9918
1.01728
1.00777
0.965591
1.00446
1.06735
1.02553
1.00615
1.00004
0.956768
0.963595
1.05636
0.995005
1.03788
0.970912
1.06661
0.952232
0.965844
0.979112
1.00494
1.04999
1.02571
0.980704
1.0343
1.00812
1.01515
1.00829
0.974481
1.01381
0.921929
1.06097
0.992118
0.949154
0.987907
1.03043
0.946212
0.98154
0.962603
0.986224
1.01276
1.02686
0.97872
0.995887
0.975895
1.05433
0.957179
0.920799
1.04335
0.945861
0.944364
0.997055
0.96137
0.978263
0.991509
1.08415
1.00682
1.01634
1.0267
0.9785
0.962878
1.01896
1.07461
1.01625
0.981081
1.0347
0.950555
0.989353
1.00699
1.03277
0.949553
1.00367
0.990424
0.941638
0.959022
0.975279
0.916812
0.978945
1.05764
0.99417
1.08572
0.978878
0.969311
1.02466
0.965723
0.976427
0.956529
0.97211
1.03768
1.03033
1.04042
1.00147
1.03327
0.980597
1.02918
0.93572
0.978725
0.939871
0.989505
0.915151
0.990161
0.99429
1.02158
0.971888
1.02283
0.959938
0.964077
1.01301
1.01697
0.996473
0.990056
0.969403
1.04837
0.994731
1.01194
1.04992
0.985516
1.04054
1.05614
0.963823
1.00087
1.0386
1.0082
1.01993
0.963228
1.01424
1.00571
1.01175
0.946519
1.02738
1.00758
0.960148
0.982469
1.04333
1.01135
1.04055
0.998516
1.01377
0.966687
0.944176
1.01892
1.00245
1.06529
1.0014
1.05043
1.01521
1.0347
1.07165
1.00746
0.988145
1.00262
1.05909
1.00122
0.99425
1.00001
0.964675
0.996596
0.950749
1.00862
0.924286
1.0189
1.03756
1.00248
1.06118
1.03272
1.00934
1.03581
1.00503
0.927302
0.969311
1.03889
1.00834
1.00589
0.997805
1.01418
0.990575
0.97162
0.987372
1.01438
1.05613
0.965106
1.01653
0.947991
0.953648
0.989541
0.994552
1.07514
0.961435
1.05471
1.03109
0.98933
1.02355
1.00857
1.00375
0.959437
0.931586
0.931495
0.978494
1.01545
1.01507
1.02539
1.01341
0.986904
1.04156
0.936007
1.02314
1.0246
0.968726
0.977928
0.99299
1.03783
0.991024
0.996632
0.995964
1.0426
1.0316
1.02397
0.986219
0.977767
0.964924
0.975964
0.993301
0.959089
1.0459
0.992687
0.89769
0.981319
0.983317
0.976276
0.970264
1.10827
0.992461
1.00704
0.984619
0.962006
1.0036
0.992616
1.01185
1.01119
0.961178
0.9846
0.960747
1.0172
0.994459
0.95119
1.02687
0.989314
0.992501
0.969144
0.954255
0.996853
0.977425
1.00535
1.00571
1.05499
0.961365
0.978794
1.00549
1.00077
1.04986
1.01682
1.02004
1.02064
1.01908
0.9457
0.964248
0.97892
1.00403
1.0078
0.994295
1.01051
0.980835
0.952211
1.00974
1.02763
1.00374
0.958789
1.05192
0.952478
0.982314
0.992516
0.931078
0.962027
0.986274
0.985916
0.957701
1.00076
1.02102
1.03103
1.0584
0.974049
0.988226
1.00724
1.02382
1.01731
0.994244
0.924577
0.982655
0.968688
0.98648
1.04963
0.946372
1.00147
0.995578
1.0038
1.01282
1.05027
1.00186
1.04766
1.05526
1.02277
0.960862
1.05643
0.99828
0.962082
1.00774
0.953494
1.02646
0.974865
1.01242
0.990433
1.05895
1.01277
1.00899
1.01168
0.984334
1.00563
1.00357
0.953801
1.02601
1.00657
0.975743
1.07257
0.987849
1.02801
1.07882
0.969984
0.93805
0.991961
1.06324
0.969344
0.999851
1.02074
1.04237
1.03212
1.00973
0.96583
0.98528
1.05658
1.01461
0.99788
0.983548
0.977153
0.967903
0.987033
1.0401
0.975676
1.00226
0.940741
0.998256
0.946635
0.989028
0.997754
0.958097
1.02511
1.00763
1.05188
0.980058
0.955268
1.03655
0.968886
0.964377
1.00162
1.00645
0.961174
0.995273
1.00708
0.959353
1.01733
0.961649
1.00008
0.995366
1.03438
1.04365
0.999242
0.946201
1.02233
1.00451
1.00116
0.950635
1.01214
0.9943
1.00393
1.03476
0.965236
0.987893
1.02727
0.967223
0.987484
1.03686
0.999751
1.01395
0.978084
1.00194
1.00055
1.02339
0.938555
1.01591
1.02436
0.976847
1.00081
1.01544
0.945601
1.00361
0.965226
0.935168
1.01747
0.979987
1.06408
0.965765
1.06544
0.983313
0.981136
0.946024
1.03905
0.964313
0.954705
0.959298
1.05488
0.945724
1.00948
1.02684
0.936255
1.0003
0.977395
0.996211
0.998301
1.074
1.02726
0.970519
0.919901
0.993745
1.03006
0.983527
1.02159
1.04716
1.00538
0.970012
1.03427
0.962074
0.969848
0.990562
0.970764
1.00262
1.02333
0.994007
1.05506
0.982992
1.01763
0.983472
0.95912
0.959288
0.99096
1.1017
0.994961
0.98688
1.04385
0.951481
1.06302
0.990287
1.00445
1.04326
0.987047
1.00577
0.978094
1.02066
0.969788
1.00343
1.03373
0.985533
1.00635
1.02088
0.984103
0.970481
0.990014
1.05403
1.00435
0.978261
0.91981
0.938222
1.03794
0.937993
1.00482
1.02632
0.958627
1.02895
1.0301
1.02792
0.980618
1.00406
0.97353
0.968948
1.00686
1.0007
1.00181
1.01351
1.0306
0.955894
1.00849
1.04533
1.03884
0.982496
1.01885
1.00934
0.929172
0.974758
0.998859
1.01484
1.03761
1.04009
1.08377
1.01402
1.00091
1.01695
1.00329
0.971776
0.958902
1.06918
0.962604
0.967884
1.01029
1.07337
1.00135
1.02946
0.988656
1.00376
0.983756
1.0255
1.03412
1.02986
1.03905
0.949438
0.957865
0.927906
0.914954
1.00448
0.960462
1.0449
0.955783
0.988151
1.00905
0.980191
0.997857
0.977349
1.00118
0.982457
1.02316
0.955415
1.03258
1.06539
1.03279
0.984415
0.981491
0.981156
1.0173
1.00953
1.03808
1.00299
0.971931
0.943016
1.00523
1.03081
1.01507
1.01262
0.989072
0.977688
0.913427
0.981421
1.03435
0.990318
0.992279
1.04546
1.02619
1.00112
1.0632
0.989743
1.05434
1.05959
0.972911
0.957479
1.05159
0.994069
1.00257
0.971457
1.00825
0.994545
1.00222
0.986404
1.05174
1.00189
1.03681
0.99315
1.00071
1.00297
1.08307
0.929531
0.99855
0.949963
0.99591
0.912826
0.995587
0.987702
0.990543
0.982724
1.03142
1.01962
1.03328
0.989305
0.995996
1.02302
1.00062
1.02503
0.972718
0.991502
1.04745
1.0187
0.980825
0.933304
1.02741
1.00979
0.950557
1.05419
1.08019
0.998988
0.995728
1.01129
0.916862
1.00155
0.952829
1.01357
0.969141
1.03756
0.96852
1.02358
1.00139
1.02171
1.03766
1.0627
1.01168
0.985492
1.01809
0.991804
0.996357
1.00907
0.958198
1.00413
0.988965
0.98192
1.02386
1.0632
1.02475
0.979936
0.933458
1.05805
0.99442
1.0186
0.967921
1.00586
0.992847
1.04385
0.979834
0.950785
1.02075
0.982192
1.03611
0.993316
1.03075
1.06488
0.983705
0.970557
0.969161
0.984297
0.962792
0.917512
0.993767
0.986064
0.988693
1.05159
0.988508
1.02003
0.971735
1.05816
1.00814
1.02429
1.00548
0.944831
1.01847
0.966899
0.992278
1.00509
0.982634
1.01529
1.04519
1.05986
1.01961
1.04092
0.988871
1.01477
0.984453
0.916874
1.01983
0.967525
0.973422
0.885725
0.980414
0.952033
0.992636
1.00479
1.04089
1.02045
1.0081
1.05826
0.990822
0.972998
1.00838
1.04327
1.00362
1.04675
0.974932
0.953245
1.00947
0.976244
1.01769
1.03178
1.02695
1.03354
1.07529
0.965295
1.04036
1.00003
1.03607
0.966628
1.01008
0.971912
1.02837
1.01228
1.06225
1.03388
0.978767
0.981973
0.998205
1.09242
1.01205
1.01389
1.0185
1.02473
0.988352
1.02215
0.922703
0.979387
0.988229
1.0628
1.02779
0.956782
1.0186
1.0369
0.958511
1.05819
0.990066
1.00058
0.995379
1.02186
0.939922
0.983321
1.03374
0.999259
1.0179
1.01269
1.05817
0.987359
1.01674
1.08542
1.07086
0.987678
0.962526
1.04439
0.974756
1.0224
1.0119
1.04402
1.06874
1.03464
1.01655
0.957843
0.978205
0.933171
1.00325
0.948452
0.97283
0.978983
1.00555
1.01373
1.0405
1.00964
0.969513
1.00288
1.02694
0.921723
0.965544
0.953705
1.02388
1.05975
1.00464
1.00208
1.03352
0.998781
1.04061
1.05015
1.00872
1.03257
1.00211
0.993793
1.00897
1.03913
0.975825
1.07562
1.01275
1.01022
0.975045
1.06795
0.986424
0.997406
0.999029
1.00571
0.960617
1.03755
0.917374
1.01144
1.09219
1.05145
1.00514
0.955711
0.927082
1.02566
1.01174
1.01652
1.0265
1.0278
0.952324
0.92035
1.01275
0.954
0.99245
0.995052
0.985423
1.02754
0.969961
0.974133
1.03358
0.977331
0.969143
0.979955
1.01108
1.00826
0.998833
1.02963
1.03674
0.975695
1.06412
0.999489
0.989368
0.938211
1.00336
1.00806
1.00235
0.965628
1.02859
1.00001
0.979099
1.04094
1.04744
0.948781
1.00419
0.998923
0.999142
0.967377
0.962915
0.974023
1.01759
1.07142
1.00487
0.996714
0.987962
1.00561
0.987978
0.965939
0.95071
1.0188
1.0506
0.983142
0.984012
1.03945
1.01651
1.07315
0.997293
0.960351
0.948415
0.959642
0.936702
0.984613
0.98705
1.03847
1.01356
1.0186
0.985009
0.914321
0.959415
0.986042
1.06927
1.00329
1.00924
1.0176
1.05645
0.987199
1.0202
0.979664
1.03106
0.997453
1.03979
0.931945
0.999303
0.98159
1.02919
1.00634
0.970293
1.04042
0.992767
1.02836
1.01703
1.03409
0.981233
0.93516
1.03258
0.993867
0.971535
1.03903
0.965923
1.04857
1.03428
1.03705
0.981728
0.981627
1.05232
1.00607
1.0415
1.06995
1.01043
1.04115
0.947912
0.986111
0.972605
0.983903
0.996547
0.995973
1.06769
1.01417
0.996151
0.954365
1.01793
0.99803
0.973617
1.01619
0.89994
0.99696
0.957185
1.02597
1.01377
1.0443
0.936924
0.985333
1.0286
1.00737
1.00868
1.01341
0.992762
1.05181
0.985666
0.971626
0.946281
0.975879
0.940907
0.969424
1.03367
0.982119
0.987062
0.981361
1.01821
1.01494
1.02863
0.973664
1.00403
0.938233
0.939588
0.968386
0.971479
0.996246
1.02544
0.949595
1.00146
0.965035
0.989021
0.968355
1.03365
1.04251
0.986818
0.962966
0.988897
0.987344
1.04085
0.971093
1.05522
1.00598
0.895773
0.992485
0.936497
1.00175
0.946704
0.95097
0.959742
1.02574
1.01106
0.972217
1.04957
0.974225
1.01986
1.0524
0.99372
0.97564
1.0102
0.979507
0.957672
0.958652
1.0212
0.978621
1.04468
1.01327
0.962168
1.01412
0.941109
0.971926
0.979802
0.986417
1.03843
1.04873
1.02576
0.989085
0.958254
0.89883
1.02565
0.97561
0.985983
1.00444
0.948186
0.995962
0.946417
0.976596
1.00063
1.00917
0.993377
1.00556
0.998075
0.997012
0.998471
0.993921
1.01813
1.02319
0.967838
1.01708
1.02956
0.931465
0.997552
0.991313
0.975939
1.04587
1.03247
1.05891
0.997622
1.05244
1.02114
1.03271
1.03359
1.03685
1.04478
1.04135
1.01271
0.983992
1.01649
1.04496
0.966888
0.992891
0.979687
1.017
0.972763
0.938102
1.01253
0.999961
0.981625
1.01087
0.954749
1.00655
1.02386
1.01072
1.01374
0.990412
0.98367
1.04614
1.01152
0.991644
1.00272
1.02246
0.966278
1.01205
0.992583
1.02119
0.92002
0.949806
1.02126
1.00412
0.922855
1.03075
1.00007
1.09736
1.03719
0.945227
1.01692
0.96761
1.01116
1.00234
1.00547
1.0282
0.931578
0.988246
0.968757
1.00464
1.02842
1.00115
1.00359
0.958796
0.938337
1.00393
0.967402
1.01294
1.01374
0.959882
1.01779
1.00554
0.995176
1.04749
1.04166
0.993318
1.00857
0.981388
0.916661
1.04791
0.974249
1.02083
0.92883
0.971935
1.00663
0.999039
0.999598
0.990023
0.971025
0.970947
0.978062
1.0142
0.959572
0.989232
1.01825
1.0184
1.01335
0.950664
1.04336
1.01109
1.01813
0.945496
1.06377
1.0378
0.922964
0.939455
0.911369
0.980269
1.07086
0.917438
0.980118
1.0322
0.96342
0.962845
1.03708
0.998293
0.953447
0.995132
0.975078
0.989939
1.01842
0.989303
0.990807
0.958315
0.986227
0.920955
1.07787
0.997362
1.02408
0.971907
0.929608
1.00114
1.01087
0.987617
0.983781
1.01691
0.979034
0.965688
1.03496
1.01976
1.01629
0.940357
1.05068
0.981798
0.999701
0.987124
0.978803
0.941572
1.00419
1.03098
1.02766
1.00272
0.981886
0.991176
0.969618
1.01794
0.986516
1.01532
0.926188
1.03094
1.00315
0.987277
0.979494
1.02884
1.04307
0.909013
1.04428
1.03059
1.03438
1.04493
0.912788
1.04681
1.03877
1.01507
0.959422
1.01467
0.948773
0.992455
0.971321
1.03851
0.999103
0.963516
1.00953
1.04473
1.06942
0.996891
1.02351
0.97011
0.952868
1.03582
1.00903
0.984898
0.967689
1.04776
1.03959
0.979877
1.08986
1.05034
1.00033
1.0168
0.969627
1.07164
0.965081
1.01421
0.967368
1.02151
1.00954
1.00859
1.06124
0.997444
0.984989
1.00993
0.9974
0.999433
0.983669
0.965829
0.974955
0.931266
0.974966
1.02691
0.987666
1.0265
1.05381
1.00899
0.991719
1.02588
0.962314
1.04615
1.03936
0.947859
1.05478
1.0243
0.999639
0.954254
0.970638
1.02707
0.984808
1.04825
1.01626
1.02599
0.993571
1.03832
1.001
0.966786
1.04117
0.956098
0.980819
1.04345
0.981029
0.955195
1.00306
0.999071
1.0288
1.00016
1.02887
0.988685
1.03035
0.973514
0.952658
1.01218
1.05308
0.98328
0.985462
1.03687
0.955091
1.00743
0.979833
1.01647
1.02336
0.986502
1.01963
1.00588
0.935744
1.05301
0.937662
0.950903
0.978666
0.979606
1.00909
1.04069
0.990309
1.00627
1.01146
0.928095
0.973391
0.966616
1.0228
0.995946
1.05249
1.0087
1.00616
0.933013
0.992223
0.971129
1.03561
1.01449
0.994646
1.01988
1.03637
0.979903
0.947316
1.00427
0.994625
0.97758
0.967848
1.00906
1.05445
1.01888
0.965767
1.01252
1.03919
1.04396
1.0015
1.02912
1.01574
1.02688
1.00219
1.06472
0.969542
0.903753
1.00658
0.944023
0.96423
1.03865
0.962517
0.95092
1.01604
0.968596
0.980287
1.0343
1.04178
0.994014
1.03561
0.972908
1.03257
0.950508
0.99061
1.02497
1.03103
0.946446
0.983977
1.0039
1.02963
0.984857
1.0228
0.976267
1.00972
1.04205
0.966104
1.00636
1.03419
0.990852
0.964089
0.97515
1.05797
1.01267
1.05193
1.01081
1.01963
0.970148
0.992214
0.92659
1.01263
0.968986
1.01659
1.05052
1.04682
1.00102
0.995964
0.977838
1.0861
1.05011
0.939632
0.915206
1.00542
1.00973
0.951163
0.989745
0.989459
0.982098
1.04304
1.0557
1.00736
1.02357
0.945546
0.943111
1.00824
1.05249
1.04722
0.977099
0.965549
0.918987
1.02662
0.97607
0.99569
1.02678
0.931848
0.964376
1.00158
0.978029
1.0262
0.961096
0.999769
1.02177
0.977187
0.950385
0.947038
0.961401
0.957894
1.026
1.00507
1.00132
0.931279
0.979958
1.02151
1.03922
0.973389
0.972398
1.06684
0.940673
0.997913
0.94297
1.03102
0.992354
1.01035
1.02945
0.973132
0.97828
1.03133
1.01945
0.930698
1.01712
0.970301
0.977531
0.980184
0.928917
1.01641
0.944418
1.03721
1.01046
0.967398
1.03653
1.00983
0.993213
0.932038
0.976423
0.933575
1.00952
0.994996
0.984842
1.00263
1.02121
0.999421
1.01105
0.964423
1.02928
1.06007
1.0148
1.04181
0.929271
0.938757
0.952769
1.00614
1.04718
0.914073
0.995855
1.0377
0.999989
1.04014
1.06154
1.04263
0.950117
0.959164
0.986727
0.991525
0.987413
1.01708
0.944187
0.969666
0.97973
1.07618
1.05498
1.03532
1.05495
0.964671
0.993857
1.04637
1.01489
1.01091
0.998822
0.931644
0.967322
1.00085
0.969771
1.00251
1.00873
0.940893
0.949072
1.00493
0.972895
0.992419
1.03456
0.973774
1.05192
1.01247
0.993783
0.930429
1.04272
1.02173
1.00914
0.943785
0.976884
1.04397
1.00126
0.97851
1.02068
1.01803
0.975042
1.00723
0.987795
0.960316
1.01466
0.961963
1.02725
1.02837
0.950595
1.01579
0.995873
1.06786
0.964241
1.03313
0.95087
1.0452
0.944689
0.980468
0.949414
0.99386
1.04434
1.07221
0.967363
0.968329
1.00985
1.02004
1.02941
1.08687
0.990309
0.982538
0.959818
0.979668
1.01187
0.968953
0.905889
0.961669
0.982954
1.01352
0.98897
0.999782
0.984729
1.01586
1.00769
0.998426
0.990274
0.96554
0.996316
1.0168
1.0461
0.984954
0.953503
1.05268
1.00807
0.997858
0.990062
1.02929
1.0201
0.999082
0.987371
1.01046
0.968442
1.01454
1.0016
0.965583
0.977977
1.01707
1.01496
1.0126
0.998591
1.00816
1.00155
0.972163
0.975536
0.937806
0.940358
1.0336
0.963061
1.01112
1.05051
0.996704
0.936632
1.03964
0.969407
0.94205
1.05384
1.00916
0.982119
1.00226
1.01154
0.997536
1.04635
1.01762
0.952497
1.04543
1.01769
0.965433
0.993965
0.99211
0.966446
0.924572
0.995803
1.0018
0.983591
0.992136
1.02452
0.955182
0.969831
1.01721
0.983081
1.01597
0.963942
1.06075
1.01125
1.02879
1.04028
1.00419
0.972789
1.04611
0.967485
1.0361
0.970359
1.01834
1.01979
1.00886
1.05695
1.02358
1.00959
0.998246
1.02852
0.985136
1.01925
0.980014
1.04421
0.984409
0.973918
0.940408
0.984033
0.949451
0.974441
0.998651
0.964873
1.01165
1.07843
0.972621
0.961387
0.953988
1.05368
0.965416
0.966864
0.987609
1.02415
0.972034
1.0009
1.04649
0.985294
0.933009
1.04229
0.983758
0.998196
0.988115
1.04139
0.934978
1.01755
0.992226
1.03859
0.987789
1.01089
0.979398
0.977552
1.00508
1.01148
0.969196
0.971423
1.0783
0.958731
0.935413
0.982774
0.982682
1.05891
0.966567
1.00454
1.02477
0.9844
0.927505
0.982664
0.967087
0.991364
1.05183
1.01421
0.995931
0.990403
0.979904
0.970629
1.03452
1.00508
1.06309
0.964706
0.993118
1.0234
0.978778
0.940892
0.931055
0.918182
0.983963
1.01044
0.976495
0.957793
1.03191
1.02387
0.961829
1.03346
1.04348
0.976411
1.03488
0.992998
0.956424
0.96507
0.972431
1.04538
1.04351
0.926964
0.949196
0.997894
1.05599
1.03179
1.05855
1.06165
0.995414
0.984706
0.987985
1.01253
0.928406
0.933945
1.03956
0.996366
1.05248
0.968715
1.00499
0.991509
0.970387
0.998507
1.0298
1.03243
1.07298
0.924603
0.987006
0.990267
1.0143
0.963654
1.04979
0.996637
0.997951
0.990215
1.07645
0.94857
1.01776
1.00323
1.03168
1.00042
1.03301
1.03908
1.02152
0.984432
0.946605
0.966002
0.987184
1.01772
1.03516
0.99796
1.01999
0.96511
0.994612
1.00376
0.994352
0.951117
0.977702
1.0137
0.970637
1.07881
0.912586
0.982025
1.02115
0.999064
1.0304
1.0373
0.988033
1.00816
0.960858
0.936956
0.988982
0.982409
0.975543
1.00995
0.966215
0.997879
0.9606
1.05369
0.987472
0.94784
0.983713
1.03676
0.952154
0.989151
1.01794
0.951152
0.990408
1.02882
1.02211
0.888793
1.03648
1.00992
1.05576
1.01563
1.00253
0.985881
1.00741
1.00621
1.04846
1.03217
1.05624
1.01199
0.956612
0.959436
1.02015
0.962525
0.972549
1.00547
1.01398
0.951651
1.01854
0.926371
1.00344
1.00018
1.01353
0.963967
1.05047
0.973379
0.970789
0.991563
0.990372
0.988709
1.00449
0.966035
0.938661
1.0267
1.00092
0.992421
1.04189
1.01457
0.971382
0.988342
0.98039
0.970847
0.938386
1.05158
0.973927
0.951627
0.998139
1.00298
1.07483
0.960027
1.03655
1.04382
0.858102
1.01921
1.06095
0.972062
1.02967
1.02057
0.984629
0.976492
1.00864
1.04462
0.988779
0.995693
0.961781
1.0184
0.996923
0.991584
1.02442
0.925613
0.976194
1.00331
0.970936
0.999798
0.965218
0.996573
0.951351
0.983343
0.979661
0.979125
0.968818
0.961379
1.01979
0.983662
0.959857
1.06612
0.93108
0.992496
0.983971
0.974112
1.00962
0.974316
1.04564
0.965429
1.0341
0.995643
0.950109
1.05036
1.06335
0.989761
0.967261
1.00921
1.01269
1.04768
1.00636
0.976867
1.01713
0.987697
0.952274
0.990458
0.995754
0.97367
0.99262
1.03435
1.00068
0.988948
1.03432
0.947584
1.03317
1.01489
0.936038
1.05059
1.01417
0.946205
1.03994
0.963962
0.983449
1.02426
1.0064
0.975438
1.01432
1.00072
1.08009
0.97348
0.970787
1.06345
1.0178
1.05189
0.95853
1.02764
1.03645
0.991569
0.994014
0.943769
0.966359
0.96446
0.968202
0.991791
0.968468
0.974104
1.03045
0.995333
0.959066
1.04476
0.946525
0.962558
0.969013
0.981104
0.997553
0.985595
1.02374
1.00306
0.962612
1.02836
1.01634
0.909333
1.04428
1.01806
1.0104
0.964871
0.935643
0.985974
0.974272
0.987233
1.00499
1.04763
0.975098
1.03876
1.03743
1.02859
0.938518
0.962252
0.955922
0.913569
0.998976
0.974971
0.988649
1.0135
0.913352
1.00274
1.01313
0.944245
1.01955
1.01446
1.06245
1.00658
0.976954
0.972772
0.976204
1.02839
1.01399
0.974873
1.0237
1.0003
1.00539
1.01644
1.05351
0.993985
1.05
0.996378
0.959484
0.98223
1.06861
0.955235
1.05021
0.96681
0.982947
0.999279
1.00158
0.986863
1.0159
0.958237
0.989747
1.04187
1.0065
0.98512
1.0136
1.0305
1.03224
1.04089
0.985329
0.918433
0.990169
0.978089
1.0496
1.0018
1.01344
0.985729
0.966778
1.00934
1.04345
0.982416
0.980523
1.05189
0.992289
1.0028
0.987301
1.02809
1.04629
1.03939
0.931694
1.06354
0.953934
1.0169
1.04184
0.975273
0.970119
1.00672
0.908022
0.977031
0.994624
1.0203
0.988154
1.08515
1.00257
0.981479
1.01281
1.03968
0.988601
1.06255
0.991588
0.958364
1.01094
1.01333
1.01052
1.0126
0.957435
0.997552
0.992008
1.00246
1.05787
1.01169
1.00053
0.995037
0.974363
1.02368
1.03496
0.982995
0.991123
1.05468
0.935573
0.920794
0.983545
1.0243
1.00525
0.974581
0.970302
1.02438
1.01718
0.975153
1.01136
1.01093
0.965066
1.01418
0.993844
0.939097
0.978569
0.994507
1.02676
1.02053
0.977749
0.984723
0.976768
1.0834
1.03311
1.00897
0.981184
0.98236
0.971438
0.951775
1.03667
1.01421
0.968905
0.960681
0.984577
1.00038
0.983711
1.01317
0.963105
0.99542
1.0008
0.950407
1.01212
0.927246
0.963032
1.05231
1.00878
1.04146
0.935171
0.994198
1.00975
1.02888
0.991796
1.05142
0.973121
0.956718
0.948491
1.01895
1.03115
0.980217
1.00199
0.982084
0.958491
1.02622
0.999429
0.993737
1.00278
0.956566
0.923952
0.995302
1.01418
1.03818
0.986071
1.04142
0.946764
1.04078
0.980716
0.941656
1.00628
1.05774
1.03136
0.988898
1.00957
0.991691
1.00243
0.98999
0.973601
0.981228
0.918451
1.00864
0.938083
1.01866
1.02966
1.01363
1.02256
0.968874
0.969242
0.994335
1.01251
1.10887
1.01955
1.01536
1.01447
1.02212
0.96384
1.03503
0.996328
1.02606
0.996805
0.945074
0.982208
0.940956
0.991986
1.04304
1.00569
0.975488
0.998083
0.965171
1.01612
1.03231
1.00927
1.02808
0.977826
1.05722
1.01798
1.01121
0.977911
1.05097
0.92958
1.00453
1.04756
0.893471
1.01127
0.956066
0.997115
1.02216
1.04369
0.99231
0.978856
0.974776
0.96279
1.01254
1.01142
1.02503
1.02637
0.980452
1.00589
1.00685
0.94842
0.994972
0.967424
0.972379
0.982789
1.0575
0.969366
1.01109
0.980282
1.03757
0.960736
1.04496
0.981711
1.06201
0.925816
0.984827
0.942924
1.00872
0.969509
1.01407
1.00486
0.975579
0.978486
0.976876
0.945803
0.999118
1.0157
0.980208
1.04142
1.00883
0.970317
1.02491
0.960501
0.988973
1.04522
1.0068
0.96616
1.00446
1.00519
1.03522
1.04824
0.981302
1.03045
1.01808
0.969587
1.02789
1.0358
0.948186
0.964823
0.995784
1.00756
0.992175
0.955924
0.99002
1.04409
0.987664
0.968972
1.00041
0.99192
1.01803
1.07336
0.98188
0.922013
0.969033
1.05566
0.937459
0.971691
0.977298
1.02401
1.00356
0.994125
0.956433
0.970156
0.995259
1.00903
0.88529
0.959687
1.09176
0.989802
0.971258
1.01327
0.961063
1.01641
1.01032
0.985732
1.02481
0.972417
1.01584
0.943332
0.986703
0.966451
1.00492
0.979716
1.00228
1.04074
0.992495
0.943676
0.994575
0.98882
0.995548
0.98419
1.02163
0.999661
0.974164
1.0474
1.02151
1.00289
1.00243
0.962353
1.01726
0.956528
1.01457
1.03198
1.01074
0.959428
0.917547
1.00163
0.99786
1.08538
1.00115
1.03047
0.994851
0.98662
1.01638
0.987081
1.02678
0.989641
1.05806
1.01679
1.00208
1.05519
0.956282
0.954096
1.06438
1.01687
0.924216
1.00499
1.06627
1.03635
1.02576
0.960914
1.01527
0.934229
0.980748
0.98244
1.00206
0.94421
1.0033
0.970792
1.01069
1.03751
1.02785
1.01994
1.00486
0.982779
0.991943
1.03123
0.991292
0.988558
0.958801
0.996827
0.950678
0.975547
0.968719
0.992073
1.01078
0.935616
0.985896
0.976535
1.01203
1.04815
1.07177
1.03986
1.07105
0.962814
0.932657
1.01349
0.934607
1.06518
1.02467
1.02731
1.01055
1.05278
0.959962
0.982436
0.995458
1.02459
0.979923
1.01742
1.02173
1.03076
0.99411
0.993824
1.00054
0.981617
0.976818
1.0032
1.0432
0.950194
1.00976
0.981475
0.925948
0.950576
1.0068
0.976832
1.03435
0.979785
0.961973
1.00719
0.976194
1.00182
0.95915
0.917013
0.996471
1.02759
0.961434
0.989477
0.915176
0.964737
1.00345
0.919254
1.03869
1.0039
1.06858
1.00496
0.973442
1.03427
0.964418
0.941488
1.06857
0.956031
0.989242
0.995951
0.999884
0.960389
0.941027
0.996361
1.06697
1.02182
0.953225
0.975614
0.980954
0.997213
1.01201
0.976773
1.0608
1.03155
0.968106
1.06108
0.96899
0.977272
1.02388
0.966442
1.06122
0.944498
1.01543
1.00328
1.1049
0.974496
1.02734
1.06996
0.993077
1.01077
1.01815
0.953468
0.962199
1.00006
0.974597
1.04236
1.00728
1.03532
0.975194
1.00411
0.983432
0.977828
0.945417
1.00397
0.926584
0.947571
1.05122
0.983638
1.06451
1.05002
0.960373
0.983996
1.04809
1.00365
0.968055
0.99107
1.01006
0.967567
1.05354
1.01955
0.963151
0.968615
0.998243
0.971819
1.02471
1.05505
1.04056
0.97019
0.959526
1.00941
0.963833
0.973288
0.986932
0.987535
1.02139
0.990272
0.982626
1.03992
1.01951
0.990876
0.982178
0.980335
1.02351
1.03354
0.979902
0.923044
0.992017
0.985783
1.02988
1.03283
0.998493
1.01134
1.03149
0.98956
1.03485
0.990236
0.980118
0.991274
1.01501
1.03347
1.01402
0.906081
1.03158
0.994369
1.00968
0.960984
1.03349
0.991243
1.01682
1.00829
1.05061
0.977813
1.0214
1.00672
0.968961
0.984611
1.02377
1.00103
0.962396
1.00858
0.935423
0.996029
0.97131
0.970541
1.01586
1.03358
0.989316
1.00469
0.988622
1.00187
0.995546
0.996497
1.03214
0.988058
0.985404
1.01545
1.0245
0.932738
0.993623
0.982242
0.990195
1.01918
1.01301
0.986179
1.02867
1.00371
0.942558
1.05004
0.984819
0.937928
0.951242
1.02367
1.00279
1.03113
1.01047
1.02062
1.09385
0.953719
1.02273
1.02768
1.05245
0.983898
0.996721
0.934083
1.07098
0.97894
1.01337
0.98037
1.03303
0.96791
0.935492
1.05128
0.959378
0.990763
0.999894
1.0301
1.019
0.961994
1.06697
1.07212
1.02936
1.00954
0.94707
0.937227
1.00703
1.07751
0.978105
0.956711
1.00997
0.973229
1.04859
1.03985
1.00977
0.964829
0.975348
0.987287
1.04606
1.08694
1.06206
1.02417
0.956426
0.948547
1.02369
1.01497
0.962756
1.02248
0.998523
0.952225
0.985213
1.02198
0.965366
1.03248
0.958685
0.98338
1.00895
1.00126
0.992369
1.06437
0.986083
1.03597
1.08719
0.998031
1.01043
0.978381
1.02075
1.03962
0.96679
1.02969
1.04271
1.04181
0.984214
0.977874
1.03089
0.963801
0.966664
1.0153
1.07063
0.980507
0.991008
0.989174
1.02904
0.990522
0.979591
1.02628
0.952026
0.917646
1.046
1.01791
1.0112
1.02817
0.901653
1.07625
1.01067
1.0019
1.01183
0.999368
0.973653
0.983381
0.998456
0.976405
0.948045
1.00544
0.918266
1.03452
1.02637
1.02344
1.03515
1.02354
1.00676
0.990791
0.965969
0.947905
1.03107
0.989396
0.996672
1.0305
0.945555
1.01887
0.975758
0.989114
1.02647
1.0046
1.0659
0.986583
0.911049
0.951743
0.995168
1.03396
0.994813
1.06469
1.01372
1.05775
0.970584
0.994687
0.97619
0.953242
0.97002
0.984538
0.997322
0.930235
0.967282
1.02204
1.00871
0.943151
0.996511
1.02969
0.979384
1.05797
1.03164
0.973922
1.05177
0.959243
0.925657
0.987002
0.930078
0.965973
0.97919
1.02217
1.0277
0.982494
1.03306
0.983336
1.02142
1.01729
0.984199
1.04303
0.971597
0.96578
0.934837
0.96077
0.996223
1.04101
0.940196
1.00725
1.00638
0.981503
0.944714
1.03972
0.999505
1.04027
0.967642
1.01434
0.98351
0.977451
0.995833
1.06824
0.960125
1.05468
0.976492
0.974574
1.03674
0.990122
1.05467
0.991753
0.969936
1.01748
1.0049
0.989893
1.07393
1.00461
0.926428
0.964702
0.972991
1.0243
0.978282
0.987703
0.947845
1.00373
0.975877
1.06372
0.96393
1.05157
0.96349
1.03506
1.02902
1.02521
1.11357
0.988598
0.997799
0.98737
0.977231
0.985341
1.02249
0.977391
1.03801
1.05641
1.0128
1.02387
0.989167
1.03017
1.01853
1.00073
0.996913
1.06034
1.02318
0.943154
0.957005
0.993337
1.00465
1.0125
0.97567
0.987145
0.947119
1.01479
0.955011
0.964771
1.02483
1.00729
0.965196
1.03652
1.04705
1.02013
0.994895
1.03515
1.00851
0.991118
0.985267
1.0058
1.03547
1.04746
0.972651
0.986467
0.989053
1.04048
1.01099
1.00652
1.02486
0.934233
1.01887
1.00485
0.976151
0.927652
1.08593
0.929227
0.906455
0.932498
1.06357
1.02243
1.03704
1.00701
0.95271
0.96318
0.97062
1.05371
0.979437
1.09303
0.973334
0.985941
1.00359
0.992985
1.00616
1.05932
1.00455
1.05895
0.975176
0.983468
0.982818
1.00633
0.980821
1.00525
0.981892
1.04656
1.00668
1.00222
0.983909
0.974372
1.00955
0.943118
0.943254
1.0287
0.983214
0.970404
0.982344
1.03783
0.997424
1.00688
1.06147
0.985753
0.98813
1.04675
0.984659
1.0088
0.997212
1.01676
1.01842
0.99996
0.941159
0.985858
1.03052
1.00557
1.00606
0.932688
0.977499
0.979963
1.02818
1.01144
0.988496
0.988541
0.987751
1.03192
1.03634
0.992822
1.00022
0.966588
1.04785
0.963215
0.918228
0.941244
0.992404
0.990663
1.02031
1.09073
0.984082
1.04642
1.00214
0.951845
0.997671
0.981925
1.01865
1.01252
1.06643
1.06305
1.00247
1.07381
0.989954
0.99293
0.979375
1.01887
1.00432
0.98016
1.01514
1.03992
0.984261
1.05698
0.940416
0.999078
0.96893
1.03884
0.960628
1.00459
0.970162
0.948175
0.961417
0.937595
1.03313
1.01838
1.01644
1.03399
0.954773
1.01588
1.06883
0.981307
1.02072
0.986545
1.02482
1.0426
0.949691
0.98652
0.964973
0.970939
0.993556
1.04081
1.003
0.973052
0.989753
1.01413
1.03423
0.9749
1.03555
1.0108
0.990947
0.993388
1.02577
0.969286
0.990987
0.992246
1.03436
1.03522
0.981163
1.03407
0.94483
1.0393
1.02415
1.02197
1.02027
0.992247
1.00788
1.03641
0.984704
1.05108
0.990098
0.952319
1.02188
0.996405
1.03775
0.964621
0.995626
1.0283
0.99426
1.00945
0.953607
1.00898
1.03871
0.987462
0.970787
1.01087
1.06107
0.910299
0.949235
0.99001
0.989141
1.057
1.04182
0.992734
0.994651
1.02078
0.975515
0.964723
1.00707
0.989151
1.01723
1.00555
0.988717
0.932135
1.00067
0.967152
1.05819
1.01954
1.00172
0.953698
0.995325
0.969491
1.02142
1.00649
0.984486
1.01032
1.0236
1.00226
1.03528
0.980345
1.0075
1.00688
0.990863
0.989177
1.00427
1.01646
0.946989
0.960234
0.983265
1.00038
1.02471
0.996908
0.980673
1.01818
0.953887
1.0074
0.958089
0.988451
1.00425
1.04866
1.0666
1.05493
1.04262
1.01296
1.02775
0.999967
0.989661
1.05375
0.962283
1.02435
1.07779
1.00722
0.959801
1.00408
0.955234
0.997186
0.980487
0.978912
1.01864
1.04007
0.99884
0.964851
1.00215
0.947069
0.993347
0.970821
1.01926
0.993119
1.01892
0.952484
1.04723
1.00601
0.964057
1.00472
0.956129
1.00819
0.999706
0.984636
1.04286
1.00074
1.00742
0.985099
1.01116
1.02131
1.03764
1.06271
1.02251
0.962142
0.974494
1.00318
1.00434
0.958059
0.990252
0.982257
1.00639
1.02186
0.953099
0.969899
0.984681
1.00506
1.03217
1.00608
1.04371
0.999332
1.04315
1.01056
1.05367
0.967935
1.0464
0.990063
0.922919
0.999071
0.996565
0.976482
1.04557
1.00327
1.01106
0.989402
1.01465
1.00155
1.00329
0.980041
0.995163
0.977282
0.980528
0.999198
1.00743
1.04929
1.01422
0.980077
1.01772
1.05562
1.02134
0.962348
0.972126
0.982449
0.95814
1.02108
0.989791
0.970868
1.07339
0.974944
1.08694
1.01302
0.937632
0.968248
1.06259
1.00045
1.02901
0.995515
1.00718
1.0006
0.987245
1.01978
1.02169
1.05759
1.00576
0.980979
0.944861
1.05127
1.04753
1.04672
1.01196
0.969492
1.01895
0.987501
0.952957
1.04264
1.00676
1.02328
0.99488
1.00079
1.07957
0.980573
0.985334
0.992784
1.00139
0.946793
0.946819
0.99475
0.997688
0.977386
1.0401
0.980661
0.982368
1.02171
0.965864
1.04918
1.05392
1.0636
0.942708
1.03256
1.03775
1.02997
0.965068
0.958866
0.998411
1.00344
1.00414
0.949846
0.979999
1.0602
0.998827
1.02736
1.00136
1.03989
1.02669
1.00547
0.935762
0.951137
1.04373
0.98899
1.0048
1.043
0.942011
0.949627
0.965039
1.02195
0.938647
0.974192
1.0393
1.07867
0.995376
0.958633
0.977484
0.995108
0.963736
1.00206
0.988429
1.0542
1.01064
0.956754
0.997474
0.952728
1.0316
1.03942
1.04468
1.00712
0.989127
0.960688
1.02152
1.0021
0.983457
1.02308
0.977411
0.995208
1.03063
0.975599
1.00551
1.01324
1.04833
0.999916
0.970142
0.966348
0.986471
0.973956
0.938027
0.972651
1.05365
1.00815
0.992578
0.994294
0.956549
1.03498
0.968335
1.03069
0.919763
1.01498
0.998202
0.979285
1.01486
1.03884
1.03496
0.984315
0.916872
0.963227
1.01027
1.05263
1.01072
0.957273
0.983652
1.00711
1.03414
1.00378
1.05386
0.963764
1.01075
0.947414
0.937373
1.08142
0.999468
1.00987
1.03026
1.04501
1.02877
0.971418
1.02602
0.981561
1.00733
0.994572
1.05244
1.00086
1.02501
0.959383
0.987541
1.0545
1.0251
1.01093
1.00761
0.962946
0.980061
0.963115
1.02055
0.940492
1.05831
0.997295
1.00964
0.994478
0.968542
1.01135
0.974504
1.0382
1.01649
0.994125
1.01365
1.0485
1.03945
0.998
0.981874
1.02171
0.997856
0.97515
0.962838
1.07856
1.00578
1.00936
0.993978
1.00871
1.03338
0.983461
1.01352
0.984843
1.03225
1.05397
1.0123
0.998504
1.00771
0.99849
0.999213
1.03426
0.995519
0.954865
0.95978
1.01861
1.05432
1.01513
1.05541
1.0576
0.992011
1.04541
1.05733
1.05094
1.04743
0.962057
1.04432
1.04993
0.961911
0.994709
0.961504
0.989558
0.999852
1.03568
0.974692
1.00945
0.988878
1.0449
0.976309
1.01387
0.961096
1.07075
1.00041
1.04657
1.01239
1.03007
1.00537
1.01323
1.00851
1.01848
1.06303
0.976151
1.02249
0.976662
1.00825
1.00572
1.06581
1.05556
0.98219
0.95543
1.00528
1.01781
1.07471
1.02288
1.00069
1.0293
0.95794
1.00626
0.970684
0.999153
1.08078
1.03753
0.928852
0.992888
0.942551
1.06525
1.05222
1.00747
0.997725
0.998365
0.995446
0.95178
1.02071
1.02271
1.01062
1.0299
0.974411
1.00737
1.006
1.04625
1.06904
1.01129
0.974345
0.97454
1.01014
1.01874
1.02784
1.02292
0.990217
1.02327
0.966739
0.995543
1.05575
0.982398
1.01804
1.09215
0.92767
1.02268
0.937422
0.927208
1.00938
1.08188
0.968175
1.02669
0.989524
1.02866
0.921898
1.01061
0.958122
0.976981
1.06099
0.950128
1.04209
0.993729
1.06763
1.02728
0.953745
0.950248
1.05427
0.95595
1.0468
1.05038
0.972274
0.926824
1.08017
0.977333
0.993736
0.985982
1.01784
0.964636
1.13824
1.04022
1.06844
0.906923
1.00551
1.0458
1.07684
1.00163
1.05014
1.00882
0.99576
1.02764
1.04535
1.02482
1.01789
1.07205
0.930627
0.997483
1.01206
1.01136
0.926402
0.979473
1.0171
0.985972
1.06688
1.03813
0.981751
0.895218
1.01698
1.01708
1.04097
0.982401
0.99338
0.958143
1.00908
0.983982
1.03567
1.01027
1.00394
1.00004
0.968978
0.940592
1.06398
1.07654
1.01896
0.944581
1.03551
1.00719
0.9802
0.994499
1.06879
1.01052
1.06125
0.995306
1.02348
0.969983
0.978142
0.974137
1.0146
1.05341
1.00321
1.02361
1.00009
1.02987
0.96653
1.06364
1.02992
0.980506
0.992743
0.966357
1.03111
1.06462
1.05203
1.02791
1.02528
0.963229
1.0202
1.01161
0.970839
1.06524
1.00714
1.01022
0.977279
1.00311
1.04115
0.971206
1.02869
0.982833
0.984493
0.964672
0.983173
0.958304
0.996262
0.993748
1.03706
0.974584
1.04517
0.999189
1.06564
1.03313
1.06269
0.962688
0.973932
0.922671
0.996547
1.0646
1.03665
0.976086
1.04083
0.98595
0.966797
1.00974
1.06709
1.02544
1.05544
1.00302
1.01475
0.965655
1.01498
1.0079
0.998796
1.01146
1.02783
0.955098
1.00615
1.03416
0.970196
0.986306
1.00989
0.997197
1.01795
0.952801
0.94544
0.952386
1.05367
0.998247
1.08831
0.99648
1.00647
1.00165
0.956032
1.0436
0.988856
1.00561
0.965192
1.0489
1.10084
1.00642
1.09237
1.05069
0.992391
1.08771
1.03169
0.968219
0.989527
1.00004
0.990471
0.958584
1.01396
1.04302
1.05816
0.981069
1.05743
0.981547
0.979697
1.06904
0.996664
1.02548
0.976908
0.954001
0.965753
1.02122
0.897533
0.975832
1.02784
1.04153
0.975939
0.988284
1.0419
1.07366
1.03026
1.02458
1.04868
0.97138
1.00167
0.954
0.989499
1.0286
1.01157
0.976992
1.02083
1.04954
1.0037
1.04859
1.00987
1.00411
0.986706
1.02614
0.956997
0.992524
1.03799
0.990785
0.970534
0.993231
0.999237
1.01278
1.00914
1.01985
1.03023
1.08991
0.96691
0.960613
0.927794
1.00898
0.961889
1.01708
1.00519
0.993313
1.00797
0.969629
1.02693
0.985492
1.06953
1.0174
0.985189
1.03896
1.02564
0.983968
0.975769
0.925713
1.01544
0.951699
1.00096
1.00651
0.975659
1.01261
0.980273
0.982738
1.03188
1.0261
1.00697
1.00053
1.049
0.995421
1.02768
1.03826
1.02472
0.905151
1.01321
1.03368
1.01013
1.01438
1.00239
0.991631
0.972735
1.05185
0.994339
0.982017
1.00229
1.03087
0.97781
1.02233
1.02036
0.982318
1.02718
0.991604
1.06179
1.00005
1.00792
0.976427
0.986529
0.987686
0.980172
0.971618
1.0367
0.995513
0.953793
0.961914
1.00572
1.00209
0.998358
0.958682
1.03931
0.997754
1.01014
0.954015
0.994604
1.02283
0.95898
0.999604
1.06144
1.01958
0.9894
0.997095
1.02496
0.946516
1.01729
0.986513
0.998523
1.03138
1.035
1.00482
1.05817
0.972885
0.959394
0.973868
0.991078
0.962498
1.00223
1.0675
0.930351
1.05721
0.979437
1.04848
1.0317
1.0858
1.01525
0.999443
0.963023
0.984114
1.05844
0.966963
0.979085
0.924383
0.996202
1.0207
0.972839
0.987146
1.0209
0.99205
1.01209
0.970868
0.901547
0.979442
1.00637
0.988945
0.968842
1.01101
1.07413
1.04097
1.01318
1.03221
0.944542
1.0746
1.03743
1.03967
0.932045
1.07413
0.965211
1.03888
0.988822
0.978487
0.968398
0.973021
1.03843
1.00111
1.0003
0.994938
0.995168
1.02585
0.960797
1.00548
1.01165
1.06178
0.957818
0.889225
0.967086
1.01387
0.969142
0.978856
0.994613
1.01826
1.02233
1.00154
0.970743
0.978692
0.958858
1.0688
1.02787
1.04482
1.00611
1.01375
0.981577
1.0178
0.944488
0.967507
0.987931
1.00362
0.944486
0.967537
1.02528
0.973893
1.04162
1.01
1.01326
1.06351
1.01142
0.975829
0.960048
1.06085
0.979931
1.00861
0.931529
1.00994
1.00371
0.959737
1.05855
1.06817
1.00621
1.02253
0.956412
1.0086
1.00892
0.986695
1.01767
0.920529
1.04649
1.03952
1.04823
0.961398
0.981817
0.981195
0.973079
1.02533
1.00887
1.01718
0.94728
1.02417
0.957512
1.01067
0.966765
0.96873
1.0156
1.05308
0.986409
1.07958
1.11943
1.02114
1.04643
0.986213
1.03458
0.993454
1.04368
0.968483
1.01296
1.01037
1.03852
1.01948
1.09369
0.977394
0.975474
1.01747
1.05592
0.997399
1.00043
0.968621
1.04238
0.957138
0.974716
1.02448
0.999106
1.02357
0.972558
0.998823
0.964167
0.983823
1.00071
1.04903
1.01846
1.02609
1.0082
1.02177
0.996662
0.95277
0.98158
0.982851
0.991107
1.01773
0.89637
1.01626
1.01101
1.02929
1.06264
1.01019
1.00555
0.995456
1.02689
1.03631
0.983965
0.92334
1.03533
0.993023
1.01711
1.01527
1.0159
1.00285
0.986324
0.973117
0.993173
1.03462
1.02945
1.04243
1.00659
1.01034
0.983149
1.00253
1.03716
0.989827
1.03078
1.0281
0.966715
1.02059
0.955572
1.01532
0.981836
1.01688
0.983341
1.02233
0.984189
0.968993
1.02831
0.995032
1.00222
0.980735
1.01636
0.995317
0.99701
0.966486
0.972122
1.02623
1.05985
0.951349
1.02009
0.9395
0.958352
1.03373
0.94657
1.03453
1.00053
1.01452
1.00605
0.985682
0.947645
1.01737
0.966258
1.00809
1.02044
1.06815
0.981796
1.02367
0.953286
0.942402
0.997764
1.00092
0.96561
1.02955
0.976757
0.991094
0.997364
0.97388
1.00276
0.967906
1.03076
1.03845
1.05207
0.95842
0.991853
0.993967
0.960848
1.06852
0.957134
0.957611
1.02257
1.01022
1.06335
1.00793
0.978686
0.994938
1.01926
1.00333
1.09077
1.01254
0.982778
0.977867
0.98031
0.983862
0.986379
0.957651
0.971679
0.967604
0.977179
0.977717
0.98898
1.06474
0.954798
1.03686
0.961441
0.993661
1.05595
1.00469
0.955943
0.925075
0.949612
0.987185
0.951946
1.02757
1.03707
0.983832
1.00781
1.00497
1.0522
1.09692
1.00184
0.99706
0.989883
0.99237
0.904096
0.978148
1.00173
0.970438
1.04458
0.985734
1.00836
1.00745
1.05186
1.02607
1.02328
1.05909
1.0468
0.981717
0.935788
1.05486
1.02178
1.05409
1.01086
0.965994
0.994134
1.02149
1.06983
1.03032
1.01099
1.01449
1.00184
1.00311
1.01941
0.966547
0.998483
0.975535
0.983533
0.954143
1.0237
1.02885
0.944746
1.00796
0.985415
1.04943
1.00637
1.04496
1.01801
0.970571
0.948741
1.00916
0.974832
0.989319
1.03351
1.01213
1.04461
1.04433
1.02722
0.974042
1.05208
0.98774
0.957658
0.930509
0.992818
1.00881
1.02166
0.975507
1.01042
0.972712
0.924188
1.01107
0.977424
0.975774
0.965524
0.969917
0.922831
0.97285
0.990363
0.953653
0.954706
1.02836
0.930997
0.983191
0.992423
0.970461
0.99044
0.966376
1.04701
1.02374
1.00434
1.04757
1.0015
1.0453
1.02292
1.0225
1.01303
1.04838
1.0278
1.06291
1.02052
0.96857
1.05484
1.04361
1.04951
0.954368
0.938094
1.00767
1.04892
0.974037
1.0337
0.986102
0.942113
1.03988
1.06993
0.998248
1.02433
1.0185
0.999499
1.03471
0.95588
0.963032
0.998266
1.02571
0.990045
0.971225
1.02908
1.02177
0.987814
0.988126
0.982173
0.952391
0.988197
1.02719
0.964821
0.984487
0.950955
0.994717
0.969725
1.00198
0.985037
1.07487
1.00819
1.04224
0.982919
1.02704
0.995362
1.04727
1.00527
1.06348
1.01669
1.00614
0.988862
1.03164
0.986993
0.950109
1.02659
1.08106
0.987714
1.00188
1.01292
1.00166
1.02698
0.955401
0.968511
0.999977
0.976985
1.07172
0.990509
0.986853
1.03226
0.940312
0.989931
0.995181
1.01893
0.96381
1.01451
0.972443
0.983531
0.988192
1.00006
0.961479
1.05075
0.948969
0.924342
1.00654
0.991376
1.06788
1.01554
1.04016
1.03851
1.08268
0.941346
0.930506
0.956927
1.02123
1.00577
0.957818
1.01411
0.995411
1.01534
1.01303
0.989556
1.01509
1.01424
0.954441
0.919042
0.997461
0.967887
1.02312
0.982063
1.02844
0.933931
1.00813
0.972691
1.01241
0.998464
1.03764
0.973095
1.03397
0.954401
0.957369
0.965505
1.02052
1.01194
1.01108
1.02334
0.979942
0.981109
1.00612
1.02041
0.994348
1.02663
1.01714
0.985508
0.975953
1.02693
0.940837
0.959975
1.04353
1.05932
0.955541
0.988954
1.04294
1.02049
0.966087
1.0144
1.02577
1.0324
1.00824
1.04373
1.01684
1.00486
0.998633
1.0036
0.942282
1.00964
1.04099
0.964192
1.09234
1.02034
0.939061
1.01816
0.972186
0.994182
1.04161
0.976208
1.05537
1.05714
0.981104
0.98232
0.914226
0.946655
1.01777
0.956442
0.907596
0.99314
1.04138
0.971519
0.942158
0.999432
1.00721
1.05335
1.08555
0.993985
1.00691
1.08582
0.991892
1.00214
0.974745
1.09515
1.07056
0.979537
0.972497
1.05546
0.926577
1.02826
1.02768
0.993091
1.01681
1.016
1.01565
1.0164
1.1188
0.989937
1.0016
0.973187
1.01222
0.999885
0.964355
0.954049
1.10166
0.995418
0.974641
0.951479
0.930183
1.04006
1.03242
0.991629
0.997972
0.962973
1.03561
0.980821
1.00396
1.04954
1.00243
1.01078
1.05605
1.01606
1.02155
1.05352
1.03917
0.953333
0.982159
0.97498
1.02713
1.00637
1.02568
1.03788
0.998873
1.02396
0.996396
1.03595
0.972266
1.04608
1.08366
0.991899
0.937123
0.972067
0.996774
0.939003
1.03041
1.02941
1.02437
0.992756
1.02126
1.03662
1.01562
1.00265
0.987295
0.985876
1.07052
1.04071
1.01564
1.0233
1.02258
0.935547
1.01262
1.01576
1.04529
1.04925
0.98331
1.03917
0.996337
0.967703
1.0093
0.976976
1.01886
1.02767
0.925188
1.01521
1.03304
0.998819
1.0339
1.01014
1.06516
1.07978
1.02054
1.02342
0.983159
0.994145
1.05436
1.01144
1.01295
1.02033
1.01395
1.02623
0.981605
0.973084
0.961914
0.965751
1.00855
0.975809
0.970538
1.02008
0.974591
1.00478
1.00879
1.03038
0.989617
1.02429
1.02289
1.03086
0.99847
1.03252
1.00832
0.986251
0.989809
1.01985
1.08696
0.998701
1.03648
0.993489
0.961701
1.02238
1.0086
1.11278
0.983658
1.02849
0.973861
0.967291
0.975947
1.00885
1.02453
1.00854
0.966001
1.03299
0.932249
1.05145
1.00937
1.02491
0.989772
0.986607
1.01775
1.02674
1.00537
0.943845
1.08221
1.03899
0.977181
1.02353
1.02475
1.09765
1.01635
1.04753
1.02221
1.0407
1.01967
1.00389
0.994266
1.03141
1.02049
1.04676
0.973898
0.95423
0.959088
0.952919
0.986034
1.04971
0.955712
1.00383
1.02015
1.00573
1.03278
0.988804
1.01834
0.976093
0.964016
0.939529
1.01987
1.0228
1.04682
1.03649
1.01433
1.00094
0.991123
1.01355
1.0362
1.05352
1.07411
0.993837
0.997511
0.974879
0.929358
1.0378
1.03228
0.99983
1.03753
1.01068
1.05834
1.01032
1.05401
0.965778
1.01809
0.987954
1.01542
0.971276
0.987459
1.03002
0.999715
0.926681
1.04751
1.01325
1.00788
1.07512
1.00754
1.06681
1.00375
1.02674
0.997223
1.01378
1.04006
1.0026
1.01746
1.01479
0.946193
1.03819
1.03443
1.02045
1.03358
1.03716
0.971445
1.01572
0.965125
1.05001
0.95949
0.984234
1.00711
1.0129
0.967355
1.03026
1.0528
0.996833
1.03629
0.959562
1.02119
1.05603
0.977482
0.949152
0.992314
0.984598
1.02664
1.03625
0.984858
0.99815
1.05199
1.03702
1.01761
1.00687
1.04571
1.07015
1.01438
1.03365
0.956907
0.987589
1.00566
0.978157
0.963449
1.0258
0.972375
1.03354
0.995959
1.00169
0.973414
0.954515
1.03572
1.01281
0.96087
1.02589
0.9827
1.0947
1.05065
1.0394
1.01774
1.04348
0.997647
0.926277
1.03187
1.00868
1.00007
1.02228
1.01674
0.996159
0.982762
0.996794
0.975465
0.951222
0.984691
1.05198
1.04813
1.043
0.962035
0.984988
0.958845
1.00027
1.02191
0.965846
0.940101
0.912344
1.02223
0.986642
1.10212
1.04107
1.05157
1.02848
0.978994
0.99175
1.00573
1.03221
1.03802
1.022
0.983864
1.03544
0.986015
0.976362
1.02187
0.991712
0.949481
0.983057
0.996967
0.995457
0.979695
0.977869
1.02731
1.04497
1.05771
0.999691
1.01279
0.957892
1.00847
0.971807
0.945604
0.999528
0.953422
1.01687
0.978032
1.01531
0.97862
1.03765
1.06756
0.93775
0.964598
0.985149
1.00124
1.01343
0.99581
0.990518
1.06732
1.01373
0.959472
0.971825
1.00456
1.00522
1.03716
1.02505
1.01214
0.986433
1.04888
1.06217
1.057
0.992995
1.03721
1.00747
1.01278
0.919081
1.01543
0.982623
1.05754
0.990427
0.98173
1.01079
1.0413
0.971083
1.05783
1.02103
0.981931
1.07379
1.0397
1.01943
1.01329
0.986981
1.01286
0.993744
0.991401
0.961684
0.937015
0.997503
0.996323
1.0244
0.994707
1.02818
1.03702
1.01743
1.04659
1.04971
0.991022
0.984408
0.956817
0.956963
1.03763
1.00609
1.00679
1.0265
0.977912
1.02833
0.940526
1.00352
1.05037
0.983142
1.01795
1.07549
1.02679
0.98798
1.00929
1.03817
1.01403
1.02772
0.99678
1.05784
1.03582
1.02119
1.03692
1.04357
1.01372
1.0262
0.978858
1.01796
0.966758
1.02262
0.941718
1.06668
1.05699
1.0195
1.01996
0.994292
0.980177
1.04216
0.980875
0.994009
1.00304
0.980279
0.931962
0.918685
0.966524
1.02446
1.02023
1.01566
0.932079
1.03557
1.00027
0.963535
0.952898
0.983518
1.03647
1.00077
0.924152
1.00428
0.976027
1.0256
0.935067
0.963651
1.03122
0.989836
0.998168
1.01221
1.01996
1.01764
1.03607
0.963999
1.0055
1.05744
1.04114
1.01964
0.981985
1.028
0.972255
0.993929
1.04135
1.02404
1.03694
0.950802
0.958133
0.925667
1.05394
0.910356
1.00105
0.932906
1.01985
0.969338
0.987951
1.00889
1.02385
1.00205
0.982819
0.973459
0.959128
1.00259
1.05702
1.00104
0.98377
0.97302
1.02031
1.03863
1.01498
1.06559
0.990821
0.996383
0.968269
1.02521
1.00858
0.97141
1.00963
1.02583
0.992264
0.971068
0.983589
0.965259
1.01146
0.955417
1.01302
0.968803
0.951661
0.994764
0.980024
0.960008
0.980332
1.08933
0.979869
1.02194
0.94942
1.00797
0.971834
1.03044
1.01272
0.940667
0.976919
0.915797
0.987608
1.00357
1.05556
0.983359
0.999794
1.02093
0.982834
1.01465
1.06593
1.05243
0.991368
0.934215
0.997298
1.02796
1.02643
0.964942
0.992371
1.01079
0.998832
1.07816
1.01321
1.01076
0.971104
1.04701
1.03438
1.06195
0.972464
1.01047
1.02708
1.04176
0.95985
1.00835
0.95414
1.00766
0.989882
1.04895
1.02208
1.0803
1.00473
0.999982
1.02394
0.961832
0.980671
1.01743
0.966617
0.990479
1.00138
1.06684
1.01382
0.961158
0.959269
1.02767
0.986437
1.02087
0.988614
0.980208
0.981464
0.969
0.937002
1.01569
0.988279
0.971673
0.995004
0.989923
0.967587
1.0235
0.973055
0.980442
0.978355
1.00418
1.01167
1.02424
1.03324
1.05802
0.986065
1.09091
1.03128
0.988244
1.03774
1.03105
1.01413
1.01879
1.0395
0.9519
0.981662
1.00976
1.01528
0.952071
1.04032
0.988272
0.959812
1.04267
0.982137
0.987197
1.03753
0.973143
1.05608
0.973773
0.976504
1.01038
0.95204
1.07654
0.977749
0.990329
0.974501
0.981167
1.01724
1.02959
0.946301
1.03724
0.99298
0.974578
0.935163
0.98447
1.06089
1.02148
0.967753
1.01693
0.956809
1.0115
1.00647
0.970954
0.985607
1.00627
1.01366
0.961925
0.98112
0.990225
0.969661
0.927009
1.0195
1.00107
1.03497
1.01158
0.99063
1.04292
1.02384
0.983276
1.02186
0.950282
0.986046
0.906005
1.02064
1.04723
0.978935
1.02024
0.990544
0.945968
1.05956
0.971001
1.03143
0.996216
1.03046
1.00709
1.01224
1.0415
0.953584
1.00887
0.988592
0.996939
0.994325
1.04642
0.923412
1.0394
1.06137
0.993226
1.03072
1.07876
1.02482
0.967514
0.990535
1.04805
0.983142
1.00568
1.03772
0.990392
0.974126
1.05674
0.939064
1.01613
0.953669
1.00501
0.924384
1.03099
0.96671
1.06066
0.957082
1.02577
1.0006
0.992701
1.01492
0.988084
1.01319
0.956186
0.952942
0.932169
0.96699
1.03228
0.991075
0.979252
0.990902
1.02151
0.989308
1.02087
1.0289
1.09098
1.00405
1.02951
0.985939
0.937494
1.01163
1.0644
0.982273
0.975801
0.987788
0.986804
0.963665
1.01448
1.02976
0.976044
0.933391
1.01743
1.05043
0.941724
1.02626
0.991986
1.01038
0.960352
1.02144
0.938153
1.0195
0.998518
1.03603
0.935495
1.0469
0.981418
1.00907
1.02143
1.0456
1.02333
0.991837
1.02197
1.0033
0.979766
1.0683
0.956071
0.972868
0.994395
0.96013
0.975973
0.987577
1.02958
0.980735
0.993216
0.945174
0.963854
1.02467
1.01719
0.94508
0.990821
1.00582
0.953075
0.981868
0.938213
0.96856
0.992357
1.03509
1.00367
0.971818
0.939796
0.992096
0.968155
1.0435
1.0323
1.0235
0.971853
0.984544
0.960596
1.06771
0.973231
0.962395
1.00076
0.998435
1.01916
1.03386
0.872066
1.03116
0.994778
0.981303
1.03451
1.00894
1.03514
0.930961
0.97513
1.024
1.0133
1.00348
1.00069
0.958711
1.03503
1.03251
0.988092
0.992054
1.00142
0.995486
1.01635
0.960203
0.991247
1.04294
1.00035
1.01845
1.01468
0.94315
0.957799
1.01013
0.973369
0.988697
1.03816
0.987824
0.988748
0.986627
1.05582
0.997353
0.949663
1.02128
0.941565
0.982327
1.01787
0.984165
1.04437
0.974836
0.994821
0.94893
0.979965
1.03802
1.02099
1.00661
0.983067
1.00731
0.940662
0.994496
1.00498
0.957253
1.0329
0.954052
1.00172
0.998781
0.99296
1.04125
1.11298
0.968189
0.99822
0.891468
1.02621
0.955317
0.994471
1.00356
1.00309
1.03552
0.935174
0.974785
0.989019
0.97289
0.966315
0.967295
0.99673
0.999662
0.967356
0.985689
0.975721
1.007
0.999531
1.01985
1.02407
0.987206
0.996555
0.996477
1.02201
0.987237
1.02373
0.956241
0.962921
0.971066
0.988893
1.00499
0.961746
0.995713
1.00134
0.989658
1.02116
0.992924
1.03327
0.951598
0.940941
0.973971
1.04382
1.00886
0.993185
1.03685
0.96116
0.960386
1.00892
1.00321
0.994868
0.937477
0.976227
1.0581
1.04118
1.01254
1.00041
0.999271
0.954354
0.970619
0.941548
1.0426
0.93731
0.997733
0.946554
0.999723
0.931317
0.90755
0.932958
1.0363
0.961807
1.03254
0.951214
0.995316
1.0064
0.998693
0.986697
1.03621
0.977224
1.028
0.991416
0.963194
1.05401
0.987792
0.958383
0.974767
1.04884
1.04064
1.00713
0.982964
1.0546
0.975619
1.01226
1.03852
0.955079
0.956067
1.02344
1.02317
0.957197
1.04264
0.927921
0.998159
0.963262
0.978177
0.954271
0.949098
1.00916
0.968337
1.03134
1.02254
1.01368
1.00743
0.986986
1.06355
0.980253
1.04361
0.994466
1.01713
1.04188
1.01451
1.02424
1.02459
0.948416
0.932234
1.03428
1.01077
0.997039
0.962293
0.943136
0.921338
0.98596
1.00878
0.999965
1.03442
1.00639
0.932011
1.05058
1.03749
0.954855
0.99794
0.998499
0.965979
1.02341
0.992025
1.02031
0.952349
1.01876
1.00651
0.957841
1.01467
1.01913
1.01886
1.03379
0.955187
0.972415
0.991462
1.04759
1.02646
1.01387
1.02992
1.00216
0.977218
1.00156
1.02156
1.03357
1.07666
1.06232
0.957056
0.965959
1.01848
0.981592
0.978307
1.01025
0.986127
0.921574
1.02321
0.954699
1.00537
1.01635
1.02682
1.0373
1.01723
1.02108
1.02148
1.06881
0.976275
0.962272
0.917935
0.944883
0.958332
1.05692
0.980952
1.04933
1.00699
1.00289
0.964352
1.01488
0.981961
0.910452
1.03847
1.02223
1.03054
1.01868
0.979274
0.967788
0.987782
0.965125
1.02045
1.02782
0.974081
0.982915
1.01242
0.975607
1.03766
0.938568
1.0224
0.999281
1.02068
1.02397
1.0081
0.984547
0.978966
1.02203
1.04362
1.04332
1.07111
0.968269
0.997064
1.01488
1.0184
0.932301
0.95003
1.01313
1.00248
1.04648
0.965304
1.03751
0.962105
0.970785
1.07092
0.981923
1.00748
0.988927
1.0029
0.978898
1.03719
0.926776
0.958712
1.06247
0.955602
0.99913
1.06598
1.06551
1.02244
1.03704
0.958927
0.993359
1.03557
0.999382
0.933354
0.969431
0.97975
0.969545
0.985361
0.981045
1.01436
0.954393
1.06916
1.05675
1.01918
1.02648
1.04614
0.985065
0.955884
1.04332
0.96685
1.04813
1.03847
1.05166
1.00441
1.01539
1.01778
0.981005
1.00499
1.03272
1.08673
0.995196
0.997888
1.03532
1.03245
0.966265
0.98299
1.02396
1.03134
1.02136
1.05169
1.04271
0.92514
1.03048
0.977438
0.936285
1.03426
1.03559
0.994319
1.06438
1.00985
0.986619
0.955375
1.02601
1.0079
1.02688
0.973942
1.04794
1.04489
1.0012
0.998464
1.0323
0.953142
0.988456
1.01378
0.935855
0.969665
0.984711
1.00176
0.97262
0.984322
0.982459
0.99563
1.00156
0.97805
0.98924
1.03913
1.01979
1.02692
0.974202
1.08867
1.02303
1.07682
1.01708
1.01737
1.01562
0.975656
0.972838
0.965634
1.05419
1.00131
0.995423
1.03077
0.968183
1.03881
1.06887
0.998216
1.00876
1.00464
0.949439
1.02275
0.989236
0.966571
0.996161
1.03039
0.960828
1.04744
0.979099
0.993246
0.956559
1.04192
0.954777
0.970961
0.965673
1.02063
1.03882
1.00818
1.00802
0.980697
0.92425
1.00623
0.998958
0.989529
1.06721
0.958504
1.055
0.955835
0.940046
0.984125
1.01093
1.07081
0.983973
0.968446
0.984258
0.969251
0.997465
1.04027
0.980564
0.970973
0.948772
0.996495
0.960974
1.02664
1.02403
1.02573
0.95855
0.946394
0.953192
1.04682
0.988358
0.991101
1.05115
0.937051
0.990959
1.00578
0.974388
0.987698
0.978875
0.944281
0.976807
1.02071
0.966377
1.04986
0.994976
1.02897
1.00192
1.01364
0.942958
0.996629
1.04614
0.985135
0.983693
1.01343
1.00034
0.955123
1.00155
1.01956
1.02011
1.02497
0.986926
1.00969
1.04634
1.00813
1.0233
0.980356
1.03209
1.05353
1.05604
0.938905
1.02244
0.994043
1.00787
1.04052
1.05404
1.01926
1.00315
0.988459
0.973174
1.03632
1.07779
0.987666
0.991425
0.960044
1.01022
0.997624
1.00141
0.958238
0.940028
0.973522
1.01855
1.02141
0.995556
1.03715
1.05941
0.97773
0.997592
1.04256
1.01253
0.991093
0.932725
1.00934
0.99785
1.0348
0.985653
1.01423
1.01496
1.04415
1.03066
1.01406
0.998716
1.03658
1.00002
0.982862
1.0443
0.981397
1.05796
1.02185
0.957719
0.96818
0.986993
1.02921
1.07241
1.0029
0.994834
1.02387
0.940943
1.05553
1.02916
1.02587
1.01959
1.01996
0.945783
1.03648
0.951174
1.02171
1.0583
0.971594
0.975916
1.04083
0.971721
0.98484
0.974995
0.922174
0.953923
0.96824
1.03247
0.991336
1.02196
1.00485
1.05044
0.995474
0.983449
1.0609
1.01401
0.992233
0.941805
0.988984
0.984924
0.917482
0.969072
1.03888
0.980039
1.03612
1.00211
1.00701
0.932062
0.973901
0.950293
1.02643
0.990754
1.05833
0.960317
0.96056
0.971483
0.972468
1.02257
0.953996
1.05326
1.01724
1.00551
1.01387
0.985872
1.04692
0.971588
0.990476
0.977241
0.998911
0.962026
1.04053
1.01501
0.950687
0.959421
1.03693
1.06345
1.00835
1.03153
1.03629
0.968163
1.0114
1.03859
0.979663
0.998049
1.06849
1.0068
0.984885
1.02424
0.923312
0.966474
1.00389
0.931561
0.995615
1.01365
1.01912
1.0406
1.02006
1.01054
0.945559
1.01082
1.02964
1.05106
0.951502
0.989259
1.01424
0.995817
1.03187
0.952684
0.936646
0.986938
0.977109
1.0276
0.989033
1.05422
0.991455
1.02635
0.989766
1.03397
1.01721
1.03657
1.00765
1.00344
1.02556
1.04799
1.02401
0.993317
0.967534
0.992145
0.96683
1.01272
1.04856
1.01104
0.98406
1.00608
0.994706
0.966921
1.00888
0.970324
1.0552
1.05248
0.995255
1.03336
0.971342
0.985932
1.00663
0.931182
0.967441
0.975773
1.00227
0.995007
0.960175
1.02758
1.03065
1.01164
1.01492
0.981972
0.982629
1.07409
1.00863
0.999101
0.971903
0.970491
0.999032
1.01778
1.03178
1.01691
0.921259
0.989875
1.0083
0.929327
0.982888
1.04424
0.99992
0.995801
0.984916
0.998477
1.05178
1.07798
1.04047
0.933758
0.978715
1.00296
0.980305
1.0055
0.901462
1.03718
0.97413
1.09431
0.987446
0.967434
1.04977
0.980256
1.05669
0.992341
0.966189
1.02095
0.992165
1.06312
1.04947
0.969854
0.938063
0.960972
1.02836
1.01919
0.998471
0.975153
0.993801
0.957531
0.979033
0.993485
1.02344
1.05342
1.03917
0.98162
0.977229
0.970545
0.988729
0.97725
1.02645
1.01627
1.02871
0.978732
1.03768
0.991967
0.97782
1.07594
1.08078
0.951785
0.982136
1.06137
0.9903
1.02587
1.01181
0.972052
0.974097
1.02244
0.973968
0.992258
0.977552
0.995921
1.02769
0.941546
1.04694
0.992067
1.01998
1.01409
1.02012
1.01765
1.01099
1.03325
0.96835
1.01056
1.03256
1.04362
0.943543
1.04437
1.02179
0.965081
1.03467
1.09708
0.985804
1.00158
0.996637
1.06352
1.00494
1.00487
1.02639
1.00073
0.997088
1.0117
0.979005
0.996152
1.01044
1.04232
0.928847
0.971938
0.992975
1.0789
0.998961
1.07533
1.00227
1.00882
0.926981
0.996191
1.01993
1.02341
1.03151
0.993221
1.02467
0.998404
1.00883
0.988919
0.986836
1.03864
0.9798
1.06102
1.07113
0.993854
0.968943
0.983369
0.95328
0.990611
1.01478
1.10253
0.954576
0.929843
1.0205
0.997995
0.970485
1.00283
1.07387
1.01132
1.03324
1.07419
1.04858
1.03699
1.02582
0.991141
0.941885
1.01042
0.98631
0.994342
0.998797
1.05119
0.996428
1.09152
1.04419
1.01681
0.993001
0.902329
1.00685
0.967342
0.950181
1.00723
1.04259
0.980447
1.04875
0.974166
0.987252
0.980906
1.001
1.04019
1.03966
1.03766
1.02805
1.03267
0.99828
0.9691
0.995363
1.02756
0.972355
1.03176
0.961968
1.02152
1.01374
1.03152
1.02548
1.02241
0.967102
1.03729
0.9713
1.02896
0.953728
0.962687
1.01255
1.03831
0.993933
0.967508
1.0437
0.926944
0.970825
0.991091
1.07189
0.956956
0.972744
1.0032
1.04094
0.969425
0.998832
0.994382
0.989841
0.962331
0.986633
0.980809
1.06735
1.02828
0.970448
1.00345
0.981701
1.00474
1.06568
0.973831
1.01957
1.02746
0.966124
0.994764
0.988852
0.994304
1.03874
0.979184
1.01305
0.999753
1.02776
1.02547
1.00299
0.99592
1.00152
1.01431
0.979128
1.00815
1.00172
1.03682
1.05534
1.01463
0.967597
1.06663
0.985205
0.990763
0.999241
0.995006
1.00482
0.973211
1.01003
0.999932
0.992821
0.991655
0.981765
1.01295
0.994772
0.960409
1.02859
0.965658
1.02619
0.993774
1.06893
0.956571
0.943456
0.995743
1.04149
0.966514
0.990867
1.00033
0.913467
0.956367
0.953902
1.0329
0.983708
1.06695
1.00414
1.03478
0.97034
0.982793
0.94256
1.03007
1.03478
1.03946
1.00037
0.999211
0.956472
0.986736
0.966775
1.0357
1.01626
0.947618
1.06095
1.00401
1.00094
1.04146
0.989998
0.988191
0.974218
1.04754
0.970357
1.01549
1.0294
0.96439
1.02128
1.01737
0.932592
1.01571
1.0275
0.958314
0.984521
0.995618
1.00551
0.990498
0.973299
1.00732
1.01543
0.956148
1.0194
0.943489
1.02294
1.0156
0.989716
1.01136
0.992923
0.93675
1.01606
1.09491
1.02683
1.00357
0.98135
0.951808
0.978653
0.995046
1.0703
1.01862
0.97233
0.980572
1.01425
1.0085
0.929021
0.965333
0.986029
0.994995
1.01387
1.02847
0.984564
1.04127
0.925151
1.00863
0.985674
0.968696
0.982086
0.974509
0.951148
0.994338
1.05948
1.02199
0.963899
1.05377
0.968775
0.993972
0.995462
0.951838
0.984182
1.02947
0.972343
1.05066
0.977911
1.03442
1.0514
1.00283
1.03239
0.957167
0.948462
0.934272
0.962836
0.985969
0.961013
0.976574
1.01967
1.00325
0.937599
0.946572
1.01351
1.01105
0.98045
1.00232
0.99515
0.994478
1.00853
1.02831
1.0488
1.02834
1.02207
0.922504
1.00652
1.02837
0.972072
1.02438
1.00414
1.06693
1.04909
1.05431
1.01442
0.983981
1.00863
0.998237
0.976038
1.01806
0.921273
0.939303
1.0039
0.946247
0.980635
0.995982
0.93327
0.92224
0.990507
1.01259
1.06356
1.00095
0.965895
1.02519
0.922025
0.953696
1.00504
0.995918
0.988746
0.974979
0.945808
0.994172
1.04038
0.980298
1.02491
1.02204
0.953561
0.955954
1.07721
1.01049
1.04595
1.0247
0.928418
1.01226
0.95752
1.02574
1.01738
1.00193
1.04785
0.99711
1.00865
0.90912
1.00321
0.975988
0.982005
0.960867
1.00995
0.96477
1.00817
0.975382
1.0176
0.980025
1.01715
0.983545
0.994441
0.982723
1.00418
1.01029
0.971716
1.03001
0.960966
0.937925
0.976146
1.00561
0.935656
0.968912
1.01112
1.02027
1.0054
0.988062
1.03672
0.990636
0.949851
0.968965
0.916369
0.980558
0.98606
1.06471
1.03103
1.02362
1.01488
0.988191
1.03782
1.04759
0.961386
0.966153
0.950127
0.969532
1.00362
0.994978
0.952051
1.0087
1.00048
0.924063
0.999304
1.01013
1.02018
1.0087
0.948028
0.980085
0.982428
1.05369
0.897051
1.03349
1.03619
0.968027
1.02181
1.02448
0.944242
0.976361
1.00914
1.0641
1.00714
1.00057
1.02173
0.981993
1.01239
0.968235
1.03045
0.969947
1.00615
0.923542
1.08614
1.07677
1.00523
0.966183
0.99271
1.00567
0.978626
0.997999
1.0152
1.00451
1.01092
0.947946
0.975277
0.909675
0.914599
1.08683
1.00912
1.09116
0.989417
0.977521
0.953592
1.02099
0.971259
1.04752
1.0211
1.0174
1.00734
0.979187
0.966325
0.964824
0.942301
0.988094
1.00025
1.05202
1.0053
0.977829
0.972169
0.934924
1.00763
1.01445
0.99007
1.06163
1.01223
0.989118
1.01584
0.971167
0.972687
0.974838
0.930008
1.03157
1.03503
0.98265
1.01182
1.02826
1.04047
1.04058
1.05504
1.03219
0.946048
1.04365
0.993189
0.988855
1.0178
1.04075
1.00238
1.06148
0.98674
0.968104
0.899118
0.949921
1.03576
0.972709
1.02077
1.03558
0.937569
0.997171
0.985131
0.945399
0.928824
0.927261
0.993285
0.97908
1.01871
1.04853
1.00864
1.00308
0.963564
0.990528
1.00683
0.914249
1.01174
1.01135
0.997231
0.995293
1.02589
0.967648
0.969424
1.00724
1.00554
0.966284
1.00995
1.00989
1.00508
0.998993
1.03395
1.05438
0.985952
0.925919
0.970916
0.967195
0.985042
1.01775
0.981229
0.994044
1.01057
0.987582
1.06087
1.02684
0.9513
0.972045
1.00379
1.03762
1.08701
1.04126
1.05091
1.02617
1.00713
0.989098
1.01451
0.999366
1.07385
1.06583
1.0057
1.00663
0.970266
0.928207
1.03043
0.946793
1.0402
0.955333
1.02702
0.928502
1.02856
1.00696
0.99436
1.00051
1.02944
1.00391
1.03202
0.984827
0.970763
1.06283
1.04049
0.996184
0.978542
0.90299
1.02447
0.947689
1.05543
1.01698
1.00146
1.03212
1.07092
0.975122
0.973165
0.965719
1.03938
1.00045
1.03802
1.01633
0.961399
0.989226
0.979487
0.945888
0.99894
1.04836
1.12273
1.05977
1.02733
0.977206
0.994288
1.01203
0.999689
1.00959
0.964215
0.985958
1.02058
1.01882
1.06855
0.973167
1.04358
0.983887
1.00824
1.01836
1.02425
1.0198
0.997172
0.981724
0.91583
0.98541
0.995298
0.95529
1.06181
0.977658
1.0572
0.973223
0.962678
1.01712
1.04604
1.01013
0.946351
0.999305
1.00675
0.971084
0.987879
0.960067
0.997136
0.95702
1.01073
1.00725
0.974713
1.01228
1.024
0.971657
0.983674
0.949373
0.959554
0.94175
1.04018
0.975831
0.980301
1.01189
0.977068
0.97217
0.916565
1.06406
1.00737
0.97858
0.97456
0.99953
0.976088
1.05479
1.01234
0.998628
1.01161
0.912802
0.962793
1.02192
1.04485
1.02866
0.98991
0.984188
0.989254
0.985896
1.07264
1.02943
0.990351
1.00585
1.05191
0.959174
0.996396
0.949173
1.02521
0.986424
0.960618
1.03985
0.964518
0.986023
0.987923
1.02883
1.05972
0.957795
0.96111
1.00557
1.02617
0.964742
1.01794
0.930654
1.01095
1.00473
0.997622
1.01633
1.01558
1.01937
0.994446
0.989774
0.978059
1.00995
1.0139
1.00014
1.01153
0.942623
1.02519
0.983979
1.0081
1.08305
1.00312
1.06065
1.05305
0.939384
0.968268
1.00541
0.996844
1.00958
0.994502
1.02208
0.937349
1.00281
1.03714
0.955881
1.01978
0.978099
1.02233
1.02413
1.03165
0.993498
0.976685
0.996433
0.979004
1.01126
1.00398
1.00995
1.00863
1.05158
0.999175
0.958053
0.984298
0.982902
1.0399
0.989092
1.06906
1.03152
0.983395
0.978495
1.04112
1.00079
0.989925
0.996768
0.987181
1.06652
0.939972
0.984271
1.02918
0.986681
1.04827
0.985285
1.0284
1.00011
1.03268
0.992771
0.989649
1.01037
0.977353
1.00871
1.01322
1.03999
0.970043
0.961996
1.05012
1.03081
1.04235
0.979988
0.992575
0.965173
1.01814
0.963757
0.972571
0.944157
1.0567
0.968786
1.00017
1.02195
1.06002
1.00146
1.06603
1.01911
0.976479
1.03752
1.00043
0.985067
0.963137
0.936378
1.01222
0.969336
1.07594
0.956539
0.97074
0.954765
0.987719
0.950058
1.06487
1.00439
1.03893
1.00143
1.03871
0.996879
1.03071
1.01926
0.971506
0.973179
0.891683
0.99123
1.00791
1.02681
0.971119
1.07029
0.976146
1.01534
1.01605
0.975812
0.970601
1.02501
0.972579
0.998729
1.04367
0.990903
1.0203
0.958453
0.933672
1.01163
0.981636
0.992737
0.971106
1.00747
0.970976
1.00906
0.998031
0.97095
0.994356
1.02467
0.964179
1.08451
0.93955
0.971242
0.944293
0.937026
0.983079
0.968167
0.998623
1.05147
1.00616
1.07653
1.09476
1.03222
0.99946
0.97576
1.03907
1.02088
0.997434
0.983089
1.02045
0.911648
1.02882
1.0366
0.99768
0.982097
0.964216
0.949256
1.001
1.01235
1.08025
1.05228
0.960812
1.02482
0.992884
0.982856
0.999035
1.01937
0.98726
0.986575
1.04059
0.999822
1.00431
1.01293
0.980833
1.03345
0.980199
1.03164
1.00465
0.990064
1.04792
0.988955
1.05942
1.03371
1.05187
1.03928
1.03209
1.01537
1.04372
0.994054
0.974271
1.01149
0.976196
0.961871
0.987065
0.983116
1.05983
1.03531
1.03445
0.98125
1.03582
0.981971
1.01205
0.997814
1.01041
1.02525
0.994371
1.04278
1.01451
0.959621
0.9916
1.03523
1.02103
1.02232
0.991993
1.05533
0.978914
1.01519
0.980862
1.02571
0.990215
0.974879
0.993535
0.968199
1.00724
1.01985
1.02965
0.982019
1.01129
0.977501
0.943328
0.953904
1.00144
1.02989
1.00057
0.991544
0.96455
1.03577
0.981757
1.01923
1.04086
1.01297
1.01284
1.06314
0.973474
1.00411
0.967475
0.996773
1.01054
1.02888
1.03818
0.972269
1.01459
0.963345
1.01439
1.00209
1.04938
1.00618
0.96296
1.04105
1.00573
1.03923
1.07542
1.05253
1.00246
0.946165
0.976158
0.995688
0.984989
1.01565
1.01244
0.970763
1.00283
1.03203
1.01664
0.929118
0.997102
0.992531
0.98185
0.957113
0.976626
0.972713
0.98956
0.993589
0.95004
0.977503
0.996552
0.96437
0.997793
0.993861
1.02645
0.984612
1.02197
1.07336
1.00876
0.966186
0.960197
0.997472
0.999065
1.00882
0.935835
0.982624
0.996548
1.02005
1.04548
1.08501
0.999052
1.04941
1.01066
0.96122
1.00861
1.06693
1.01213
0.981284
0.984248
0.965373
1.02122
1.0029
0.983632
0.971865
1.04254
1.03839
1.00674
1.05213
1.02667
0.97937
0.989528
0.96084
1.10307
0.998596
1.05688
0.938955
1.07799
1.01182
1.022
1.02054
1.07932
0.974799
1.06485
0.998036
0.995687
0.98014
1.03577
0.967064
0.997428
1.00013
0.940576
0.983466
1.02874
0.991995
0.978715
0.937911
0.989311
1.02107
0.946279
1.06433
0.975807
1.06434
1.01076
1.01129
0.997719
1.00423
1.03617
0.94821
0.893911
0.968216
1.00082
1.04235
1.05251
1.06432
1.04663
0.964228
1.00952
1.01707
1.01426
1.02418
1.02241
1.0348
1.02239
0.970816
0.987144
1.06823
1.01367
1.0106
1.07089
1.01282
0.98278
0.983064
1.02291
0.99589
1.03676
0.995993
0.994883
1.00835
1.00398
0.964881
0.986555
1.00784
1.00901
1.01161
0.988705
0.991182
0.98925
1.02158
0.952446
0.978547
0.995526
0.983768
0.982085
1.04438
0.967952
0.994394
0.957596
1.03999
0.962653
1.0335
1.0146
1.02941
0.950536
0.972291
0.993753
0.948612
1.02212
0.960232
0.920766
1.02331
1.00912
1.00107
0.999362
0.957631
0.995899
0.995394
1.04703
1.03106
0.961158
1.04964
0.988543
1.03779
0.962051
1.02113
1.04146
1.00784
1.05641
1.05926
0.989521
0.965237
1.03509
0.995462
0.951338
1.04468
1.07757
0.948613
1.03263
1.00117
1.01482
1.03132
1.07849
1.02919
1.02275
1.02058
0.981496
1.01368
0.992292
0.9651
1.00314
1.00981
1.04274
0.979758
1.0269
1.02894
1.04305
0.924088
1.02337
0.953836
0.996588
0.961731
1.04716
0.998783
1.01872
1.01178
0.984513
1.00445
1.02201
0.969436
1.03208
0.971713
0.978448
0.950262
1.01135
1.04456
1.00878
1.07054
1.0225
1.05291
1.025
1.00895
1.05102
0.989111
1.05935
0.976558
1.01407
1.0795
0.971897
0.947779
1.01451
1.01677
0.993813
1.05437
1.016
1.01062
0.981863
1.01786
0.995971
1.00587
1.00553
1.03154
0.966367
1.01822
1.01221
1.01853
1.0631
0.972144
0.989991
0.978945
1.0319
1.06374
1.00975
0.977687
1.01123
0.976606
0.984848
1.02593
0.987712
0.989338
0.999126
0.989488
0.956975
0.972818
1.02202
1.01989
0.985468
1.0257
1.01371
0.973301
1.04723
1.00499
1.06871
0.996746
0.976786
1.01446
0.996663
0.997076
1.00879
0.96813
1.02317
1.01919
1.06846
0.974045
1.02125
0.974427
0.9442
0.993471
0.979474
1.02205
1.07473
1.01671
1.05488
0.917997
1.01478
1.02638
0.907285
1.05221
1.02472
0.961031
0.93541
1.05217
0.956167
0.981904
0.946443
1.01381
0.99169
1.00666
1.08573
1.0533
0.992379
1.0115
0.995535
1.00728
1.0063
0.982969
1.0094
0.993776
1.0385
1.0426
1.02791
0.971792
0.98909
0.964948
1.02224
0.965779
1.00536
1.05029
1.00737
0.990021
1.02317
1.04411
0.989906
0.990078
0.967871
1.03209
0.998349
0.951865
1.00302
0.946847
0.974429
0.966769
1.02944
1.00472
1.02766
0.960886
0.951911
1.04124
1.02085
1.00801
1.00097
1.03632
0.993966
1.03527
0.972591
1.03374
0.968146
1.01645
0.932118
0.957349
0.960008
1.04442
1.02716
0.996955
0.99969
1.02086
1.00399
1.01906
1.00966
1.03427
0.994005
0.943234
0.952381
0.987756
1.05024
0.953839
1.04364
1.02877
0.992403
1.00579
0.994266
1.05709
1.03624
1.00095
0.985013
1.03636
1.07643
0.951832
1.00324
0.98345
0.993941
1.04286
0.983934
0.98036
1.04511
0.960448
1.00137
1.0786
0.94459
0.988732
0.977648
1.03179
0.932685
1.00653
1.03015
0.979386
0.955219
0.976691
0.97955
0.985568
1.0147
0.988172
1.00082
1.03833
0.953593
1.02836
0.988979
1.04778
1.04487
1.03127
1.03004
1.0088
0.966349
1.10942
0.952269
0.979589
0.95745
1.06437
0.949191
0.973605
1.00976
1.0533
0.946752
1.03617
0.977845
1.02262
1.01859
0.958407
0.995704
1.0713
0.995975
0.983918
0.922665
0.931645
0.993095
0.927745
0.990491
1.00918
1.01449
1.0765
0.962193
1.0022
0.968137
1.00031
0.998247
1.07171
0.921483
1.02228
0.968498
0.977199
1.01159
0.989712
0.967192
1.00875
1.01548
1.00681
1.03824
0.992978
0.997603
1.01852
0.9836
0.977206
1.04577
0.992438
0.981865
0.98617
1.0263
1.00849
0.943718
0.994644
1.03815
1.02074
1.0292
0.971306
0.953717
0.951125
0.963824
1.00765
0.990373
1.06269
0.995835
1.00544
0.991309
1.00868
1.01462
1.08812
1.01849
0.955532
1.01073
0.975186
1.04502
0.975498
1.00998
0.960142
1.01248
0.994945
1.06773
0.965453
1.00614
1.00292
0.998715
1.00637
0.991084
0.984774
1.03257
1.00114
0.99222
0.968382
0.992305
1.00207
0.989598
0.965094
1.02504
1.08055
0.992328
1.03515
0.984183
1.02106
0.995486
0.975241
1.05272
0.949579
0.981389
1.01456
0.943051
1.02781
0.989178
0.99613
0.961504
0.95899
0.976805
0.984108
1.0155
1.00785
0.981283
1.04192
1.02589
1.02034
1.06564
0.975391
1.00016
1.0321
1.00398
1.032
0.970406
1.03212
1.03
0.99273
0.978904
1.02462
0.99941
0.972212
1.02894
0.99207
0.999239
1.02794
0.992181
1.03478
1.02183
1.0564
0.992195
0.943053
0.929848
0.968116
0.993087
1.00048
0.995384
0.945914
0.992114
1.00106
1.00092
0.99735
1.03888
1.00301
1.05328
1.06071
0.978191
0.946661
1.01055
0.968826
0.986433
1.02969
0.947805
0.998079
0.934185
1.02357
0.935996
1.03176
0.986347
1.01326
0.998225
1.01764
1.00535
0.988297
0.903069
1.00788
0.978014
0.99515
0.996187
0.995822
0.982579
0.979709
1.06239
0.990421
0.992191
0.956681
0.988391
0.953789
0.998835
0.978189
0.977919
0.919692
1.00632
0.99183
0.942105
1.06343
1.02006
0.99371
0.924
1.00539
0.98408
0.974076
0.943457
0.97228
0.974649
1.06698
1.0252
1.00196
0.987466
0.984724
1.04973
0.972781
1.06847
1.00278
0.960874
0.98745
0.979186
0.917116
0.927931
0.984124
0.988631
0.956545
1.02273
0.997138
1.03695
0.940238
1.01528
1.0104
0.984253
1.01712
0.981766
1.04408
1.03508
0.997407
0.979119
0.945049
0.949237
1.01197
1.01231
1.0283
1.02691
1.03615
0.973252
0.956809
1.02229
1.02994
0.993076
0.983924
1.03191
1.05017
1.01847
1.01124
1.02955
1.05445
1.05736
0.946791
0.965429
0.968945
0.988793
0.97929
1.0066
1.01109
1.00833
0.978773
0.994561
1.03829
1.06871
0.998755
1.0524
1.06664
0.977674
1.02159
1.04676
0.942117
0.926496
0.942997
1.01374
1.02171
0.989503
0.991942
0.9622
1.02748
0.962183
0.993405
1.03962
0.962686
0.963733
1.02012
1.01329
0.97902
1.00695
1.00504
0.965199
0.950885
0.993747
0.978824
0.998387
0.942851
1.04675
1.02148
1.04882
1.01513
0.985447
1.06782
0.997257
1.01428
1.06483
1.00797
1.03327
0.985484
0.948006
1.04168
1.04795
1.02865
1.02834
1.08277
0.965605
0.965986
1.00319
0.95345
0.971948
1.04517
0.983417
1.0193
0.991029
0.91575
0.978588
0.959321
1.00291
0.998253
0.959259
0.971268
0.99784
0.996719
0.943935
0.967376
1.01055
1.00813
1.0041
0.952042
1.03501
1.03701
1.01877
1.01175
1.00917
1.04616
1.00932
0.975646
1.04008
0.959285
1.05392
0.941735
0.989257
0.991481
0.98271
1.02183
1.06365
1.00779
1.00843
1.0202
1.06705
1.02329
0.965886
0.986975
1.01417
1.01461
0.947572
0.941532
1.00321
0.960972
1.00702
0.976411
0.949478
1.02243
1.01826
1.01693
1.02508
0.982682
1.04266
1.01959
0.963013
0.989047
0.98623
0.974784
1.07437
0.993346
1.024
0.934936
0.959288
1.01791
1.03983
0.989079
0.995859
0.927794
1.01993
1.00271
0.965426
0.992756
1.03079
1.03744
0.949234
0.986391
0.99476
0.970096
0.932511
1.01645
0.954674
0.978856
0.987585
0.974563
0.966142
1.03768
0.981089
1.08005
0.930868
0.91134
0.955278
0.969121
1.01386
1.00378
0.989989
1.00311
0.987792
1.01167
1.0497
1.06949
0.958387
0.984278
0.954311
1.00804
1.0479
1.04105
1.01484
0.97898
1.01427
1.03775
1.05781
1.01603
0.960783
1.02368
1.04961
1.01565
0.978704
0.961808
0.957779
0.955706
0.967341
1.00016
0.998788
0.988496
1.02547
0.993297
1.00252
1.01514
0.985883
0.991642
0.978455
0.933828
1.01048
1.00897
1.04343
1.00173
0.98015
0.988581
1.00265
1.00393
1.01196
0.988516
1.01322
1.01758
1.02402
0.980045
0.99113
1.04247
1.02
0.973242
0.950511
1.03088
1.00269
1.00037
1.00633
0.976432
1.01984
1.007
1.07911
0.955055
1.04246
1.07044
0.969724
0.994635
0.995762
0.999655
0.985508
1.01619
0.92399
1.03747
1.0198
1.00142
0.984562
1.02895
0.980171
0.997685
1.03352
0.975421
1.01844
1.00735
1.02913
1.02138
1.10546
1.04061
0.994142
1.0359
1.0161
0.976469
0.995965
0.977041
1.02035
0.978473
1.09038
0.97193
0.953924
0.977105
0.955689
1.04891
1.00239
0.991793
1.02102
1.01753
0.987923
1.01296
1.01399
0.946188
0.997941
1.05194
0.974337
1.02552
0.975598
0.949702
1.04199
1.00395
1.04863
0.976837
1.02762
0.996889
0.982508
0.98639
0.976737
0.997319
1.03845
0.980148
1.01294
0.994281
1.03029
1.03711
0.978393
0.938146
1.01026
1.04866
1.07906
1.00384
0.961186
0.976423
1.04217
1.06649
1.01509
0.962694
0.977018
1.00519
1.05044
1.00389
1.03247
1.04275
1.01521
1.0023
0.985071
0.983266
1.0425
1.00957
1.01354
0.971483
0.936219
0.999235
1.05152
0.938571
1.00676
0.996095
1.02724
1.03119
0.959339
0.970386
0.962283
0.976552
0.986085
1.00282
0.925404
1.00596
1.02564
0.971607
0.966611
1.08148
0.99793
0.947934
1.03982
1.04907
1.00645
0.991724
0.976505
1.00528
0.930894
1.00312
0.995922
1.02618
0.950368
0.97576
1.06236
1.00657
0.93988
1.02969
1.02601
0.986143
1.01164
0.993681
0.983393
1.00681
1.04474
0.980598
1.01634
1.0183
0.955248
0.992276
0.957424
0.969573
0.97447
1.05925
1.02423
1.03223
0.970939
0.979657
1.01871
0.97336
1.01138
0.949598
1.01183
0.991922
1.01057
0.944236
1.01709
1.03659
0.964021
1.03899
1.06128
0.944547
1.00967
1.02514
0.997381
1.02131
0.963557
1.0252
1.0129
1.00995
0.972674
1.05781
1.00268
0.965594
0.911735
0.965673
0.978356
0.998576
1.04513
0.998673
1.01107
0.985799
0.989802
0.974722
1.04305
0.941358
0.978562
1.04268
1.04287
0.982993
0.94893
0.997788
1.0034
0.976597
1.07334
0.976179
1.00518
1.01586
0.989119
1.03295
0.996431
1.05711
1.06125
0.977715
1.05118
0.998696
0.985513
0.970064
1.00616
1.00087
0.936894
0.955662
1.05092
1.04517
1.00906
0.995437
0.97626
0.915819
1.02768
0.954057
1.06765
0.994732
1.00316
1.03545
0.976132
0.993745
0.993975
1.00295
1.00571
0.926171
0.99093
0.996081
1.07206
0.954232
0.946464
0.993898
0.988773
1.01708
0.95367
0.970192
0.978842
1.04433
0.989649
0.988788
1.01427
1.0194
1.00737
0.937746
1.08052
0.987609
1.0241
1.01332
0.955746
1.00356
0.987156
1.03653
1.03345
0.94543
0.924616
1.00319
0.972133
1.04541
1.03379
0.998634
1.00311
1.01969
1.04766
0.897787
1.0114
0.994669
1.01667
0.99598
0.972744
0.914089
0.974973
1.05338
1.01736
1.02859
1.00528
1.02219
1.00111
1.03409
1.02261
0.988513
1.03145
0.975066
0.938073
0.958309
0.991215
0.995094
1.00593
1.00011
0.948769
1.02111
0.98415
0.973642
0.967631
0.979853
0.938154
0.983222
0.966082
1.00204
1.00855
1.03503
0.968445
1.01713
0.988573
1.0265
0.932179
0.981551
1.01445
0.99498
1.00402
0.964671
0.992958
0.998548
1.00943
0.987617
1.03792
1.01658
0.997587
1.01567
1.03787
0.934093
0.959787
0.907858
1.02051
1.08136
0.982682
0.962641
1.02048
1.01884
1.0086
1.03638
1.01604
1.06606
1.00692
0.978978
1.01684
1.01395
0.998309
1.00531
0.973833
0.979963
1.01447
0.995139
1.03247
0.998055
1.00989
0.992185
1.03274
0.962905
1.02177
1.00182
1.03418
0.988567
0.978031
1.01096
1.00765
0.929185
0.965844
0.953215
1.01941
0.985951
1.00324
0.972768
0.958747
1.01602
0.985395
0.970686
0.99839
0.995243
1.0333
1.02815
0.976712
1.02157
0.988135
0.974314
0.980109
0.932677
1.03859
1.07982
1.01832
0.962034
1.02423
0.989886
1.07337
1.00043
1.07344
0.949116
1.01536
1.01388
1.05262
0.969625
0.988835
1.03545
1.02675
0.986044
0.98416
1.02189
0.916759
0.966395
1.00942
1.00635
1.04338
0.993704
1.00368
1.04211
0.969608
1.02839
1.02418
0.985038
1.0151
0.951761
0.999062
1.07838
0.957152
0.96354
1.00504
0.983519
0.951723
1.01722
0.988777
1.01114
0.948821
0.969071
1.02836
1.03817
0.987543
0.999023
1.06413
1.08122
0.925625
0.960349
0.985426
0.995812
0.977448
0.952035
0.995996
1.00692
1.04378
1.01407
1.02556
1.01711
0.983721
0.946177
1.00682
1.06642
1.01282
0.993528
1.02805
0.985746
1.00347
1.05886
0.999889
1.02385
1.01159
0.961975
0.971018
0.977108
1.01288
0.974553
0.975454
1.02975
0.959754
0.983872
1.02236
0.937386
0.993784
1.00741
0.958543
0.9856
0.983276
0.921157
1.0078
1.04983
1.02814
0.988974
0.996241
0.928859
0.963586
1.06876
0.972045
1.01229
1.06994
1.03464
0.947683
1.03112
0.968467
0.947939
1.05171
0.954301
1.04795
0.999236
0.947641
1.04031
1.00109
1.03706
1.03895
1.05296
1.02509
1.01919
0.976743
0.965638
1.01618
1.00821
0.971587
0.98548
1.02214
0.95716
1.05962
0.998306
1.03263
1.01375
0.984959
0.982755
0.951915
0.984594
0.983498
1.02248
0.969633
0.973375
0.997162
0.966623
0.951398
0.992211
0.974317
0.965532
0.935395
1.00738
1.02365
0.990177
1.02951
1.06142
0.99775
1.01979
1.01604
0.952563
0.928937
1.0475
0.994954
1.01968
0.976085
0.991777
0.960687
1.01908
1.06187
1.0799
0.974965
1.05898
0.982919
0.99863
0.954865
1.00999
1.01104
0.9996
0.960085
0.969428
0.969877
0.981842
0.986679
0.993491
1.04852
1.03613
1.05557
1.0041
0.992886
1.02489
0.955232
0.949653
0.973749
1.00329
1.01546
1.06832
1.00098
1.02134
1.00395
0.996752
1.01179
0.963271
1.09168
1.05662
1.06188
1.06747
0.993944
0.968035
0.997843
0.975429
0.919067
0.967955
0.985248
1.01353
0.95407
1.03853
0.953518
0.948674
1.04087
1.01295
1.00156
1.05334
0.969969
0.965751
1.00162
0.956235
1.03278
0.996753
0.982368
0.989348
1.00145
0.977435
0.990421
0.963543
0.986953
0.976868
0.944849
1.0622
1.01366
0.997314
1.0073
0.97327
1.00878
1.02212
1.00472
1.01248
1.00261
1.01892
0.9819
1.00705
0.961183
1.03543
0.979985
1.0271
1.01403
1.04199
1.05098
1.04859
1.031
1.01177
1.04807
1.04132
1.00534
1.02066
1.00177
0.9945
1.04129
0.963569
1.07224
0.981152
0.9598
1.02906
1.01114
0.95298
0.876062
0.9425
1.01527
1.04494
1.03106
0.977129
0.931705
1.00232
0.989237
0.950633
1.00423
0.984562
1.05772
0.984587
0.944679
0.976216
1.02035
0.957445
0.968542
1.04337
0.990422
1.01027
1.00853
0.971163
0.993928
0.965172
1.04281
1.00918
0.961809
0.944436
1.05536
1.0005
1.06126
0.983244
0.967053
0.984167
1.01652
0.994702
1.0009
0.98548
0.987812
1.001
0.998988
1.04727
1.04088
0.951151
0.921571
1.05144
0.995407
0.981317
1.04602
1.0631
1.00175
1.05702
0.980394
0.962021
0.994148
1.00743
0.990755
1.01785
0.980508
1.0139
0.956345
0.955921
1.01291
0.974168
0.948207
0.960722
0.997313
0.983946
0.951783
0.997724
0.957991
0.943094
0.953771
0.966582
0.97054
1.04976
0.998564
1.0041
0.973547
0.999983
0.951738
1.01295
0.977475
0.996748
0.938667
1.03382
0.960743
1.00112
0.980096
1.03247
1.02488
0.959049
0.968409
1.00718
0.981328
1.01878
0.987895
0.976863
0.990749
0.948151
1.00946
0.949063
1.0122
0.950615
0.979179
0.997906
0.953418
1.08477
0.990523
1.01828
0.947052
1.0263
0.980284
1.02621
1.02391
1.04475
0.965672
0.973841
1.07173
1.00829
0.993483
1.03286
1.02588
0.959579
0.976088
1.00401
0.958723
1.03756
1.00916
0.992275
0.995039
0.98532
0.940531
0.959572
1.01355
0.911945
0.99385
0.908325
1.01603
0.984298
0.955223
0.976312
0.977039
0.978235
1.00144
0.929941
1.02262
0.968731
0.956392
1.04353
1.02341
0.943508
1.05012
1.0211
0.977066
0.971332
1.00909
0.988318
1.04702
0.972009
0.979
0.970296
1.05778
1.03408
0.978729
0.940252
0.928221
0.991788
0.99701
0.984205
1.01902
0.988011
0.965812
0.995071
0.978541
1.05102
0.986994
0.971553
1.012
0.979912
0.95231
0.974738
1.02302
1.04142
1.03535
1.08763
1.03102
1.00617
1.02562
0.952205
1.06894
0.999565
0.960555
1.02427
0.927295
1.00981
0.963208
1.00267
1.05488
0.989161
0.952593
0.93872
1.01114
1.03288
1.03556
0.988563
0.92091
0.962039
1.00835
0.978483
1.04118
1.023
0.917468
0.949388
0.954442
1.01404
1.06449
1.0117
0.970215
0.963404
0.991422
0.998993
0.983891
0.991693
0.96313
0.942713
1.01446
1.04787
0.999304
1.0184
1.01402
1.03344
1.00159
1.0431
0.991887
0.932251
1.01305
0.940318
0.977502
1.03385
1.03393
0.979691
1.03849
0.975369
1.01349
1.02834
0.987131
1.01029
1.05702
1.02179
0.95781
0.9646
0.959059
0.916686
0.962298
1.00143
0.907148
0.989309
1.0521
0.980734
0.971771
1.05908
0.982683
1.02344
1.07574
1.00488
0.997496
0.955786
0.931864
0.952842
0.935637
0.968708
0.988099
1.05579
1.04467
1.02036
0.997575
1.03795
0.93511
0.972121
0.989007
1.01499
0.944228
1.03811
0.953048
0.977714
0.950011
0.973918
0.99186
1.01577
0.966418
1.01746
1.0145
1.05913
0.948508
1.01891
0.979674
0.942037
0.991138
1.01406
0.976693
0.978144
0.989255
0.9809
0.980299
1.02618
0.918687
1.02717
1.02966
1.01669
1.01034
1.03404
0.976281
0.974085
1.04062
1.01666
1.01193
1.01511
1.03269
0.957747
1.03768
1.03767
1.02859
0.972076
1.01856
0.941304
0.987911
0.928344
0.970195
1.03779
0.996567
1.05104
0.97766
0.983409
1.04553
1.01324
0.99352
1.06872
0.956091
0.989222
0.998713
0.986507
0.988848
1.0327
1.04264
1.00207
0.94476
1.00239
0.968324
1.04467
1.01575
0.933191
0.986008
0.965551
1.00282
0.996955
1.01748
0.996413
1.00655
0.974692
1.02182
1.05301
0.996973
1.01934
1.03477
1.02263
0.979138
0.933676
0.936547
1.03624
1.02294
1.01325
0.983739
0.994199
0.974477
1.0513
1.00881
1.09402
1.05996
0.955676
0.985923
1.02426
1.00849
1.08429
1.02173
0.976092
0.976902
1.02204
0.982183
1.01623
1.01832
1.01912
0.910807
1.00139
1.02851
0.981162
0.979186
0.970145
1.00689
0.980738
1.02705
0.959109
0.986787
1.00518
0.945716
1.02164
0.990248
0.986443
1.03091
0.925971
1.03433
1.04884
1.02611
1.03781
1.03737
0.949491
1.01446
1.00438
1.04413
1.0361
1.02027
0.995604
0.99759
1.04735
1.02683
1.02396
1.02431
1.01658
0.985563
0.996285
1.0255
0.978118
1.01192
0.943656
1.01042
0.976106
1.02042
0.959599
0.97494
0.961898
0.945999
0.956518
1.01936
0.992802
0.936406
0.960389
0.996071
1.06411
1.03019
0.977816
0.968349
0.98414
1.01237
0.955124
0.98357
0.948612
0.955726
0.992576
0.976363
1.01428
0.979325
1.04588
0.973571
1.01105
1.02804
1.08325
1.03007
0.961795
0.990995
0.986966
0.984985
1.06527
0.979336
0.959423
0.994364
1.01974
0.989741
0.940397
0.968042
0.97968
1.03689
1.00414
1.03842
1.06799
0.935985
0.962602
0.975956
1.00996
0.982478
1.02019
0.991054
1.01135
0.981751
0.97357
1.01666
1.00421
1.00407
0.962443
0.986894
1.00638
0.973835
1.08903
0.972258
1.02456
0.966792
0.94993
1.01106
1.00397
0.99994
1.0661
1.0163
0.974213
0.97585
0.992977
1.02434
0.983076
1.02292
1.0168
0.951462
1.02411
1.03326
0.962237
0.952036
1.06434
0.978847
1.05892
0.989712
1.00159
0.978321
0.972488
0.975867
0.978444
1.01769
1.03653
0.977447
0.990965
0.979709
0.983451
0.937608
1.04748
1.04855
1.00257
1.01964
1.00819
1.04466
0.990248
1.01594
0.962693
0.992148
1.03461
0.968416
0.980908
1.05409
1.01455
1.02204
1.03286
1.01236
1.03387
1.00898
1.02653
1.06233
1.00263
1.018
0.999137
0.993727
1.01782
0.954854
0.937685
1.00901
0.941679
0.938679
1.02802
0.96695
0.996377
1.00472
1.05708
0.967322
0.975299
0.981024
1.00068
0.95271
1.00941
1.02479
1.0469
0.977115
0.977749
0.975708
0.969932
0.962055
1.05482
0.935733
0.980535
1.03301
1.00508
1.02599
1.01251
1.0018
1.01312
0.991254
0.948365
0.953323
1.02364
1.03197
1.04533
0.979808
0.980829
1.00309
0.957347
1.04047
0.908076
0.902554
1.04398
1.06344
1.02291
1.02425
1.0183
1.03967
1.02348
1.02229
0.986154
1.0774
0.982424
1.02787
0.918648
0.922073
1.02232
0.981251
0.934122
0.967116
0.956835
1.03579
0.996302
0.970371
0.993176
1.00622
0.994909
0.994226
0.993635
0.946516
0.958295
0.952238
0.990213
1.00198
0.935382
0.990184
0.974792
0.962745
1.00478
0.986523
0.959728
0.998514
0.943496
0.955746
1.06393
0.991327
0.977465
1.02147
1.00117
0.942391
1.03652
0.947388
1.03616
1.05836
1.01442
0.976929
0.920715
1.02396
0.949558
0.998659
1.01019
0.979566
0.962725
0.981569
0.976466
1.04024
0.970634
0.993014
1.04459
1.02955
0.981248
0.953617
0.918555
1.03181
0.980729
0.964273
0.969444
1.03463
0.979091
1.03311
0.991106
1.01761
1.03674
1.00293
0.969954
1.01004
1.00093
0.965207
1.01037
0.968369
1.00057
0.980011
0.986838
1.05268
1.01414
0.981023
0.978298
0.971036
0.998426
1.00665
1.0286
0.9358
1.01436
1.01931
0.987575
1.00151
0.955002
0.989147
1.09311
1.03699
1.04271
0.95015
0.971089
1.07943
1.04104
1.01897
1.08815
1.05902
0.966059
1.05208
1.00039
1.0053
1.02498
1.04352
0.98963
0.996914
0.955089
0.952432
0.930413
1.0011
0.947725
0.968606
1.01463
1.03222
1.08668
0.971191
1.04179
1.00745
1.03342
0.98213
1.02242
0.96644
1.01928
0.999498
0.970733
1.01687
0.964838
0.96688
1.04307
1.01949
1.02956
0.985238
1.05456
1.06499
0.93802
0.949579
0.998842
1.05181
1.00937
0.991046
0.939521
0.990442
1.03588
0.981756
0.997979
1.02382
1.02852
0.981407
0.987492
1.01753
0.991263
1.05029
1.03138
1.04828
0.993165
0.969603
0.97662
1.01984
0.942145
1.00978
1.04545
0.961133
0.970229
0.9383
0.98078
1.01257
1.06719
0.979132
0.973563
1.01773
0.97964
1.0385
1.01067
0.975292
0.947927
0.944126
0.993169
1.09743
1.01993
0.966478
1.05319
1.09046
0.971351
0.971871
0.981773
1.00244
1.03105
1.01519
1.01451
1.03087
1.0133
1.06972
0.984521
0.979797
1.05533
1.01812
0.954565
0.963011
0.930545
0.949572
0.95402
0.975997
0.943131
0.954185
1.02905
0.969734
1.03753
0.969037
1.02264
0.961149
0.966801
0.998795
0.946046
1.02258
1.03919
1.01279
1.01255
1.03054
0.992773
1.01746
0.941522
1.03473
0.993787
1.02024
1.01301
1.03184
0.994837
1.01603
0.901839
0.999165
0.990944
0.981597
1.04039
1.02831
1.04107
1.00598
0.988345
1.0134
1.00022
0.961105
1.01912
0.979796
1.08768
0.987514
1.04749
1.03307
1.05566
0.988598
1.10212
0.979912
0.99077
1.00097
1.00561
0.939699
0.964598
0.991993
1.067
0.936544
1.04643
0.967894
1.06173
1.0295
0.94464
1.11435
1.00071
1.06707
0.98894
0.938014
0.984707
0.981054
0.98254
0.983713
1.00989
0.951221
0.981007
0.98844
1.01823
0.971833
0.996522
1.07427
1.05385
1.07663
1.00805
1.00808
1.03032
1.04103
1.00662
1.03904
1.04527
1.04857
0.976822
1.01812
0.987395
1.06236
0.975568
1.02249
1.02893
0.990878
1.01228
0.98735
1.02123
1.03458
0.98889
1.03676
0.976705
0.993399
0.998032
1.01466
1.00262
0.951937
1.01992
0.973618
0.996783
1.03794
1.02105
1.01606
1.05576
1.01678
1.08089
0.987666
0.990695
0.999382
1.04189
0.983406
0.9766
1.01796
1.04455
0.96101
0.968131
1.01496
0.972193
1.04023
1.01853
0.979144
0.966631
0.995763
0.976512
0.988072
1.00516
0.973627
0.962711
0.993972
1.0558
0.961139
1.03479
1.01602
0.984409
0.989747
1.04178
0.986881
1.0028
0.993136
0.995465
0.984636
1.02654
0.97557
1.04299
1.02251
1.0461
0.973988
1.00326
1.00096
0.96077
1.05282
0.990753
0.955071
1.01702
1.03558
1.09565
1.01534
0.978309
1.00099
1.01663
0.992194
0.868414
1.06495
0.996038
0.994633
1.0031
1.00551
0.996909
0.998121
0.975074
0.92821
1.02055
1.0551
1.04007
1.0894
1.00983
0.920279
0.977006
0.995537
0.997448
1.01157
0.98732
1.00242
0.988794
0.961432
0.952708
0.957573
1.02707
0.971127
0.99128
0.97385
1.00611
0.981977
0.984166
1.02448
1.04876
1.03072
1.05635
1.08141
0.985784
0.943572
0.992597
0.963107
0.956858
1.00458
0.956488
1.01914
1.01854
1.00158
1.00907
1.00484
1.00637
1.03441
1.00642
0.990006
1.00327
1.00965
1.02325
0.985301
0.994168
0.977727
1.04353
0.972049
0.996311
0.975568
1.00505
1.045
0.985502
0.992766
1.0269
0.966529
1.03541
1.00672
0.988557
1.00911
1.05369
0.989093
1.03362
0.980761
0.95783
0.976641
1.02877
1.03053
0.984951
0.999133
0.958249
0.961135
0.966316
0.958114
0.97108
1.0208
0.998503
1.01785
0.997871
1.02829
0.966505
1.04918
0.999178
0.959602
0.977964
0.99913
1.01314
0.975866
1.03208
1.05595
0.993925
1.01352
1.00196
1.06762
0.984962
0.992926
0.99856
1.02038
1.04891
1.02518
0.95441
1.0517
0.968488
1.02387
1.03242
1.02379
1.00039
1.01204
1.04914
0.954758
0.950379
1.05411
1.00385
0.937073
0.988066
1.02465
0.97998
0.965034
0.967453
1.05808
0.977856
0.95917
0.980812
1.0074
1.00619
1.01668
1.03063
0.984188
0.993812
1.00062
0.973971
0.978256
1.02776
0.994033
1.00158
0.979976
1.02395
0.944579
1.03265
0.932071
0.973228
1.05709
1.00857
0.984766
1.01794
0.967869
0.935999
1.01972
0.9918
1.01728
1.00777
0.965591
1.00446
1.06735
1.02553
1.00615
1.00004
0.956768
0.963595
1.05636
0.995005
1.03788
0.970912
1.06661
0.952232
0.965844
0.979112
1.00494
1.04999
1.02571
0.980704
1.0343
1.00812
1.01515
1.00829
0.974481
1.01381
0.921929
1.06097
0.992118
0.949154
0.987907
1.03043
0.946212
0.98154
0.962603
0.986224
1.01276
1.02686
0.97872
0.995887
0.975895
1.05433
0.957179
0.920799
1.04335
0.945861
0.944364
0.997055
0.96137
0.978263
0.991509
1.08415
1.00682
1.01634
1.0267
0.9785
0.962878
1.01896
1.07461
1.01625
0.981081
1.0347
0.950555
0.989353
1.00699
1.03277
0.949553
1.00367
0.990424
0.941638
0.959022
0.975279
0.916812
0.978945
1.05764
0.99417
1.08572
0.978878
0.969311
1.02466
0.965723
0.976427
0.956529
0.97211
1.03768
1.03033
1.04042
1.00147
1.03327
0.980597
1.02918
0.93572
0.978725
0.939871
0.989505
0.915151
0.990161
0.99429
1.02158
0.971888
1.02283
0.959938
0.964077
1.01301
1.01697
0.996473
0.990056
0.969403
1.04837
0.994731
1.01194
1.04992
0.985516
1.04054
1.05614
0.963823
1.00087
1.0386
1.0082
1.01993
0.963228
1.01424
1.00571
1.01175
0.946519
1.02738
1.00758
0.960148
0.982469
1.04333
1.01135
1.04055
0.998516
1.01377
0.966687
0.944176
1.01892
1.00245
1.06529
1.0014
1.05043
1.01521
1.0347
1.07165
1.00746
0.988145
1.00262
1.05909
1.00122
0.99425
1.00001
0.964675
0.996596
0.950749
1.00862
0.924286
1.0189
1.03756
1.00248
1.06118
1.03272
1.00934
1.03581
1.00503
0.927302
0.969311
1.03889
1.00834
1.00589
0.997805
1.01418
0.990575
0.97162
0.987372
1.01438
1.05613
0.965106
1.01653
0.947991
0.953648
0.989541
0.994552
1.07514
0.961435
1.05471
1.03109
0.98933
1.02355
1.00857
1.00375
0.959437
0.931586
0.931495
0.978494
1.01545
1.01507
1.02539
1.01341
0.986904
1.04156
0.936007
1.02314
1.0246
0.968726
0.977928
0.99299
1.03783
0.991024
0.996632
0.995964
1.0426
1.0316
1.02397
0.986219
0.977767
0.964924
0.975964
0.993301
0.959089
1.0459
0.992687
0.89769
0.981319
0.983317
0.976276
0.970264
1.10827
0.992461
1.00704
0.984619
0.962006
1.0036
0.992616
1.01185
1.01119
0.961178
0.9846
0.960747
1.0172
0.994459
0.95119
1.02687
0.989314
0.992501
0.969144
0.954255
0.996853
0.977425
1.00535
1.00571
1.05499
0.961365
0.978794
1.00549
1.00077
1.04986
1.01682
1.02004
1.02064
1.01908
0.9457
0.964248
0.97892
1.00403
1.0078
0.994295
1.01051
0.980835
0.952211
1.00974
1.02763
1.00374
0.958789
1.05192
0.952478
0.982314
0.992516
0.931078
0.962027
0.986274
0.985916
0.957701
1.00076
1.02102
1.03103
1.0584
0.974049
0.988226
1.00724
1.02382
1.01731
0.994244
0.924577
0.982655
0.968688
0.98648
1.04963
0.946372
1.00147
0.995578
1.0038
1.01282
1.05027
1.00186
1.04766
1.05526
1.02277
0.960862
1.05643
0.99828
0.962082
1.00774
0.953494
1.02646
0.974865
1.01242
0.990433
1.05895
1.01277
1.00899
1.01168
0.984334
1.00563
1.00357
0.953801
1.02601
1.00657
0.975743
1.07257
0.987849
1.02801
1.07882
0.969984
0.93805
0.991961
1.06324
0.969344
0.999851
1.02074
1.04237
1.03212
1.00973
0.96583
0.98528
1.05658
1.01461
0.99788
0.983548
0.977153
0.967903
0.987033
1.0401
0.975676
1.00226
0.940741
0.998256
0.946635
0.989028
0.997754
0.958097
1.02511
1.00763
1.05188
0.980058
0.955268
1.03655
0.968886
0.964377
1.00162
1.00645
0.961174
0.995273
1.00708
0.959353
1.01733
0.961649
1.00008
0.995366
1.03438
1.04365
0.999242
0.946201
1.02233
1.00451
1.00116
0.950635
1.01214
0.9943
1.00393
1.03476
0.965236
0.987893
1.02727
0.967223
0.987484
1.03686
0.999751
1.01395
0.978084
1.00194
1.00055
1.02339
0.938555
1.01591
1.02436
0.976847
1.00081
1.01544
0.945601
1.00361
0.965226
0.935168
1.01747
0.979987
1.06408
0.965765
1.06544
0.983313
0.981136
0.946024
1.03905
0.964313
0.954705
0.959298
1.05488
0.945724
1.00948
1.02684
0.936255
1.0003
0.977395
0.996211
0.998301
1.074
1.02726
0.970519
0.919901
0.993745
1.03006
0.983527
1.02159
1.04716
1.00538
0.970012
1.03427
0.962074
0.969848
0.990562
0.970764
1.00262
1.02333
0.994007
1.05506
0.982992
1.01763
0.983472
0.95912
0.959288
0.99096
1.1017
0.994961
0.98688
1.04385
0.951481
1.06302
0.990287
1.00445
1.04326
0.987047
1.00577
0.978094
1.02066
0.969788
1.00343
1.03373
0.985533
1.00635
1.02088
0.984103
0.970481
0.990014
1.05403
1.00435
0.978261
0.91981
0.938222
1.03794
0.937993
1.00482
1.02632
0.958627
1.02895
1.0301
1.02792
0.980618
1.00406
0.97353
0.968948
1.00686
1.0007
1.00181
1.01351
1.0306
0.955894
1.00849
1.04533
1.03884
0.982496
1.01885
1.00934
0.929172
0.974758
0.998859
1.01484
1.03761
1.04009
1.08377
1.01402
1.00091
1.01695
1.00329
0.971776
0.958902
1.06918
0.962604
0.967884
1.01029
1.07337
1.00135
1.02946
0.988656
1.00376
0.983756
1.0255
1.03412
1.02986
1.03905
0.949438
0.957865
0.927906
0.914954
1.00448
0.960462
1.0449
0.955783
0.988151
1.00905
0.980191
0.997857
0.977349
1.00118
0.982457
1.02316
0.955415
1.03258
1.06539
1.03279
0.984415
0.981491
0.981156
1.0173
1.00953
1.03808
1.00299
0.971931
0.943016
1.00523
1.03081
1.01507
1.01262
0.989072
0.977688
0.913427
0.981421
1.03435
0.990318
0.992279
1.04546
1.02619
1.00112
1.0632
0.989743
1.05434
1.05959
0.972911
0.957479
1.05159
0.994069
1.00257
0.971457
1.00825
0.994545
1.00222
0.986404
1.05174
1.00189
1.03681
0.99315
1.00071
1.00297
1.08307
0.929531
0.99855
0.949963
0.99591
0.912826
0.995587
0.987702
0.990543
0.982724
1.03142
1.01962
1.03328
0.989305
0.995996
1.02302
1.00062
1.02503
0.972718
0.991502
1.04745
1.0187
0.980825
0.933304
1.02741
1.00979
0.950557
1.05419
1.08019
0.998988
0.995728
1.01129
0.916862
1.00155
0.952829
1.01357
0.969141
1.03756
0.96852
1.02358
1.00139
1.02171
1.03766
1.0627
1.01168
0.985492
1.01809
0.991804
0.996357
1.00907
0.958198
1.00413
0.988965
0.98192
1.02386
1.0632
1.02475
0.979936
0.933458
1.05805
0.99442
1.0186
0.967921
1.00586
0.992847
1.04385
0.979834
0.950785
1.02075
0.982192
1.03611
0.993316
1.03075
1.06488
0.983705
0.970557
0.969161
0.984297
0.962792
0.917512
0.993767
0.986064
0.988693
1.05159
0.988508
1.02003
0.971735
1.05816
1.00814
1.02429
1.00548
0.944831
1.01847
0.966899
0.992278
1.00509
0.982634
1.01529
1.04519
1.05986
1.01961
1.04092
0.988871
1.01477
0.984453
0.916874
1.01983
0.967525
0.973422
0.885725
0.980414
0.952033
0.992636
1.00479
1.04089
1.02045
1.0081
1.05826
0.990822
0.972998
1.00838
1.04327
1.00362
1.04675
0.974932
0.953245
1.00947
0.976244
1.01769
1.03178
1.02695
1.03354
1.07529
0.965295
1.04036
1.00003
1.03607
0.966628
1.01008
0.971912
1.02837
1.01228
1.06225
1.03388
0.978767
0.981973
0.998205
1.09242
1.01205
1.01389
1.0185
1.02473
0.988352
1.02215
0.922703
0.979387
0.988229
1.0628
1.02779
0.956782
1.0186
1.0369
0.958511
1.05819
0.990066
1.00058
0.995379
1.02186
0.939922
0.983321
1.03374
0.999259
1.0179
1.01269
1.05817
0.987359
1.01674
1.08542
1.07086
0.987678
0.962526
1.04439
0.974756
1.0224
1.0119
1.04402
1.06874
1.03464
1.01655
0.957843
0.978205
0.933171
1.00325
0.948452
0.97283
0.978983
1.00555
1.01373
1.0405
1.00964
0.969513
1.00288
1.02694
0.921723
0.965544
0.953705
1.02388
1.05975
1.00464
1.00208
1.03352
0.998781
1.04061
1.05015
1.00872
1.03257
1.00211
0.993793
1.00897
1.03913
0.975825
1.07562
1.01275
1.01022
0.975045
1.06795
0.986424
0.997406
0.999029
1.00571
0.960617
1.03755
0.917374
1.01144
1.09219
1.05145
1.00514
0.955711
0.927082
1.02566
1.01174
1.01652
1.0265
1.0278
0.952324
0.92035
1.01275
0.954
0.99245
0.995052
0.985423
1.02754
0.969961
0.974133
1.03358
0.977331
0.969143
0.979955
1.01108
1.00826
0.998833
1.02963
1.03674
0.975695
1.06412
0.999489
0.989368
0.938211
1.00336
1.00806
1.00235
0.965628
1.02859
1.00001
0.979099
1.04094
1.04744
0.948781
1.00419
0.998923
0.999142
0.967377
0.962915
0.974023
1.01759
1.07142
1.00487
0.996714
0.987962
1.00561
0.987978
0.965939
0.95071
1.0188
1.0506
0.983142
0.984012
1.03945
1.01651
1.07315
0.997293
0.960351
0.948415
0.959642
0.936702
0.984613
0.98705
1.03847
1.01356
1.0186
0.985009
0.914321
0.959415
0.986042
1.06927
1.00329
1.00924
1.0176
1.05645
0.987199
1.0202
0.979664
1.03106
0.997453
1.03979
0.931945
0.999303
0.98159
1.02919
1.00634
0.970293
1.04042
0.992767
1.02836
1.01703
1.03409
0.981233
0.93516
1.03258
0.993867
0.971535
1.03903
0.965923
1.04857
1.03428
1.03705
0.981728
0.981627
1.05232
1.00607
1.0415
1.06995
1.01043
1.04115
0.947912
0.986111
0.972605
0.983903
0.996547
0.995973
1.06769
1.01417
0.996151
0.954365
1.01793
0.99803
0.973617
1.01619
0.89994
0.99696
0.957185
1.02597
1.01377
1.0443
0.936924
0.985333
1.0286
1.00737
1.00868
1.01341
0.992762
1.05181
0.985666
0.971626
0.946281
0.975879
0.940907
0.969424
1.03367
0.982119
0.987062
0.981361
1.01821
1.01494
1.02863
0.973664
1.00403
0.938233
0.939588
0.968386
0.971479
0.996246
1.02544
0.949595
1.00146
0.965035
0.989021
0.968355
1.03365
1.04251
0.986818
0.962966
0.988897
0.987344
1.04085
0.971093
1.05522
1.00598
0.895773
0.992485
0.936497
1.00175
0.946704
0.95097
0.959742
1.02574
1.01106
0.972217
1.04957
0.974225
1.01986
1.0524
0.99372
0.97564
1.0102
0.979507
0.957672
0.958652
1.0212
0.978621
1.04468
1.01327
0.962168
1.01412
0.941109
0.971926
0.979802
0.986417
1.03843
1.04873
1.02576
0.989085
0.958254
0.89883
1.02565
0.97561
0.985983
1.00444
0.948186
0.995962
0.946417
0.976596
1.00063
1.00917
0.993377
1.00556
0.998075
0.997012
0.998471
0.993921
1.01813
1.02319
0.967838
1.01708
1.02956
0.931465
0.997552
0.991313
0.975939
1.04587
1.03247
1.05891
0.997622
1.05244
1.02114
1.03271
1.03359
1.03685
1.04478
1.04135
1.01271
0.983992
1.01649
1.04496
0.966888
0.992891
0.979687
1.017
0.972763
0.938102
1.01253
0.999961
0.981625
1.01087
0.954749
1.00655
1.02386
1.01072
1.01374
0.990412
0.98367
1.04614
1.01152
0.991644
1.00272
1.02246
0.966278
1.01205
0.992583
1.02119
0.92002
0.949806
1.02126
1.00412
0.922855
1.03075
1.00007
1.09736
1.03719
0.945227
1.01692
0.96761
1.01116
1.00234
1.00547
1.0282
0.931578
0.988246
0.968757
1.00464
1.02842
1.00115
1.00359
0.958796
0.938337
1.00393
0.967402
1.01294
1.01374
0.959882
1.01779
1.00554
0.995176
1.04749
1.04166
0.993318
1.00857
0.981388
0.916661
1.04791
0.974249
1.02083
0.92883
0.971935
1.00663
0.999039
0.999598
0.990023
0.971025
0.970947
0.978062
1.0142
0.959572
0.989232
1.01825
1.0184
1.01335
0.950664
1.04336
1.01109
1.01813
0.945496
1.06377
1.0378
0.922964
0.939455
0.911369
0.980269
1.07086
0.917438
0.980118
1.0322
0.96342
0.962845
1.03708
0.998293
0.953447
0.995132
0.975078
0.989939
1.01842
0.989303
0.990807
0.958315
0.986227
0.920955
1.07787
0.997362
1.02408
0.971907
0.929608
1.00114
1.01087
0.987617
0.983781
1.01691
0.979034
0.965688
1.03496
1.01976
1.01629
0.940357
1.05068
0.981798
0.999701
0.987124
0.978803
0.941572
1.00419
1.03098
1.02766
1.00272
0.981886
0.991176
0.969618
1.01794
0.986516
1.01532
0.926188
1.03094
1.00315
0.987277
0.979494
1.02884
1.04307
0.909013
1.04428
1.03059
1.03438
1.04493
0.912788
1.04681
1.03877
1.01507
0.959422
1.01467
0.948773
0.992455
0.971321
1.03851
0.999103
0.963516
1.00953
1.04473
1.06942
0.996891
1.02351
0.97011
0.952868
1.03582
1.00903
0.984898
0.967689
1.04776
1.03959
0.979877
1.08986
1.05034
1.00033
1.0168
0.969627
1.07164
0.965081
1.01421
0.967368
1.02151
1.00954
1.00859
1.06124
0.997444
0.984989
1.00993
0.9974
0.999433
0.983669
0.965829
0.974955
0.931266
0.974966
1.02691
0.987666
1.0265
1.05381
1.00899
0.991719
1.02588
0.962314
1.04615
1.03936
0.947859
1.05478
1.0243
0.999639
0.954254
0.970638
1.02707
0.984808
1.04825
1.01626
1.02599
0.993571
1.03832
1.001
0.966786
1.04117
0.956098
0.980819
1.04345
0.981029
0.955195
1.00306
0.999071
1.0288
1.00016
1.02887
0.988685
1.03035
0.973514
0.952658
1.01218
1.05308
0.98328
0.985462
1.03687
0.955091
1.00743
0.979833
1.01647
1.02336
0.986502
1.01963
1.00588
0.935744
1.05301
0.937662
0.950903
0.978666
0.979606
1.00909
1.04069
0.990309
1.00627
1.01146
0.928095
0.973391
0.966616
1.0228
0.995946
1.05249
1.0087
1.00616
0.933013
0.992223
0.971129
1.03561
1.01449
0.994646
1.01988
1.03637
0.979903
0.947316
1.00427
0.994625
0.97758
0.967848
1.00906
1.05445
1.01888
0.965767
1.01252
1.03919
1.04396
1.0015
1.02912
1.01574
1.02688
1.00219
1.06472
0.969542
0.903753
1.00658
0.944023
0.96423
1.03865
0.962517
0.95092
1.01604
0.968596
0.980287
1.0343
1.04178
0.994014
1.03561
0.972908
1.03257
0.950508
0.99061
1.02497
1.03103
0.946446
0.983977
1.0039
1.02963
0.984857
1.0228
0.976267
1.00972
1.04205
0.966104
1.00636
1.03419
0.990852
0.964089
0.97515
1.05797
1.01267
1.05193
1.01081
1.01963
0.970148
0.992214
0.92659
1.01263
0.968986
1.01659
1.05052
1.04682
1.00102
0.995964
0.977838
1.0861
1.05011
0.939632
0.915206
1.00542
1.00973
0.951163
0.989745
0.989459
0.982098
1.04304
1.0557
1.00736
1.02357
0.945546
0.943111
1.00824
1.05249
1.04722
0.977099
0.965549
0.918987
1.02662
0.97607
0.99569
1.02678
0.931848
0.964376
1.00158
0.978029
1.0262
0.961096
0.999769
1.02177
0.977187
0.950385
0.947038
0.961401
0.957894
1.026
1.00507
1.00132
0.931279
0.979958
1.02151
1.03922
0.973389
0.972398
1.06684
0.940673
0.997913
0.94297
1.03102
0.992354
1.01035
1.02945
0.973132
0.97828
1.03133
1.01945
0.930698
1.01712
0.970301
0.977531
0.980184
0.928917
1.01641
0.944418
1.03721
1.01046
0.967398
1.03653
1.00983
0.993213
0.932038
0.976423
0.933575
1.00952
0.994996
0.984842
1.00263
1.02121
0.999421
1.01105
0.964423
1.02928
1.06007
1.0148
1.04181
0.929271
0.938757
0.952769
1.00614
1.04718
0.914073
0.995855
1.0377
0.999989
1.04014
1.06154
1.04263
0.950117
0.959164
0.986727
0.991525
0.987413
1.01708
0.944187
0.969666
0.97973
1.07618
1.05498
1.03532
1.05495
0.964671
0.993857
1.04637
1.01489
1.01091
0.998822
0.931644
0.967322
1.00085
0.969771
1.00251
1.00873
0.940893
0.949072
1.00493
0.972895
0.992419
1.03456
0.973774
1.05192
1.01247
0.993783
0.930429
1.04272
1.02173
1.00914
0.943785
0.976884
1.04397
1.00126
0.97851
1.02068
1.01803
0.975042
1.00723
0.987795
0.960316
1.01466
0.961963
1.02725
1.02837
0.950595
1.01579
0.995873
1.06786
0.964241
1.03313
0.95087
1.0452
0.944689
0.980468
0.949414
0.99386
1.04434
1.07221
0.967363
0.968329
1.00985
1.02004
1.02941
1.08687
0.990309
0.982538
0.959818
0.979668
1.01187
0.968953
0.905889
0.961669
0.982954
1.01352
0.98897
0.999782
0.984729
1.01586
1.00769
0.998426
0.990274
0.96554
0.996316
1.0168
1.0461
0.984954
0.953503
1.05268
1.00807
0.997858
0.990062
1.02929
1.0201
0.999082
0.987371
1.01046
0.968442
1.01454
1.0016
0.965583
0.977977
1.01707
1.01496
1.0126
0.998591
1.00816
1.00155
0.972163
0.975536
0.937806
0.940358
1.0336
0.963061
1.01112
1.05051
0.996704
0.936632
1.03964
0.969407
0.94205
1.05384
1.00916
0.982119
1.00226
1.01154
0.997536
1.04635
1.01762
0.952497
1.04543
1.01769
0.965433
0.993965
0.99211
0.966446
0.924572
0.995803
1.0018
0.983591
0.992136
1.02452
0.955182
0.969831
1.01721
0.983081
1.01597
0.963942
1.06075
1.01125
1.02879
1.04028
1.00419
0.972789
1.04611
0.967485
1.0361
0.970359
1.01834
1.01979
1.00886
1.05695
1.02358
1.00959
0.998246
1.02852
0.985136
1.01925
0.980014
1.04421
0.984409
0.973918
0.940408
0.984033
0.949451
0.974441
0.998651
0.964873
1.01165
1.07843
0.972621
0.961387
0.953988
1.05368
0.965416
0.966864
0.987609
1.02415
0.972034
1.0009
1.04649
0.985294
0.933009
1.04229
0.983758
0.998196
0.988115
1.04139
0.934978
1.01755
0.992226
1.03859
0.987789
1.01089
0.979398
0.977552
1.00508
1.01148
0.969196
0.971423
1.0783
0.958731
0.935413
0.982774
0.982682
1.05891
0.966567
1.00454
1.02477
0.9844
0.927505
0.982664
0.967087
0.991364
1.05183
1.01421
0.995931
0.990403
0.979904
0.970629
1.03452
1.00508
1.06309
0.964706
0.993118
1.0234
0.978778
0.940892
0.931055
0.918182
0.983963
1.01044
0.976495
0.957793
1.03191
1.02387
0.961829
1.03346
1.04348
0.976411
1.03488
0.992998
0.956424
0.96507
0.972431
1.04538
1.04351
0.926964
0.949196
0.997894
1.05599
1.03179
1.05855
1.06165
0.995414
0.984706
0.987985
1.01253
0.928406
0.933945
1.03956
0.996366
1.05248
0.968715
1.00499
0.991509
0.970387
0.998507
1.0298
1.03243
1.07298
0.924603
0.987006
0.990267
1.0143
0.963654
1.04979
0.996637
0.997951
0.990215
1.07645
0.94857
1.01776
1.00323
1.03168
1.00042
1.03301
1.03908
1.02152
0.984432
0.946605
0.966002
0.987184
1.01772
1.03516
0.99796
1.01999
0.96511
0.994612
1.00376
0.994352
0.951117
0.977702
1.0137
0.970637
1.07881
0.912586
0.982025
1.02115
0.999064
1.0304
1.0373
0.988033
1.00816
0.960858
0.936956
0.988982
0.982409
0.975543
1.00995
0.966215
0.997879
0.9606
1.05369
0.987472
0.94784
0.983713
1.03676
0.952154
0.989151
1.01794
0.951152
0.990408
1.02882
1.02211
0.888793
1.03648
1.00992
1.05576
1.01563
1.00253
0.985881
1.00741
1.00621
1.04846
1.03217
1.05624
1.01199
0.956612
0.959436
1.02015
0.962525
0.972549
1.00547
1.01398
0.951651
1.01854
0.926371
1.00344
1.00018
1.01353
0.963967
1.05047
0.973379
0.970789
0.991563
0.990372
0.988709
1.00449
0.966035
0.938661
1.0267
1.00092
0.992421
1.04189
1.01457
0.971382
0.988342
0.98039
0.970847
0.938386
1.05158
0.973927
0.951627
0.998139
1.00298
1.07483
0.960027
1.03655
1.04382
0.858102
1.01921
1.06095
0.972062
1.02967
1.02057
0.984629
0.976492
1.00864
1.04462
0.988779
0.995693
0.961781
1.0184
0.996923
0.991584
1.02442
0.925613
0.976194
1.00331
0.970936
0.999798
0.965218
0.996573
0.951351
0.983343
0.979661
0.979125
0.968818
0.961379
1.01979
0.983662
0.959857
1.06612
0.93108
0.992496
0.983971
0.974112
1.00962
0.974316
1.04564
0.965429
1.0341
0.995643
0.950109
1.05036
1.06335
0.989761
0.967261
1.00921
1.01269
1.04768
1.00636
0.976867
1.01713
0.987697
0.952274
0.990458
0.995754
0.97367
0.99262
1.03435
1.00068
0.988948
1.03432
0.947584
1.03317
1.01489
0.936038
1.05059
1.01417
0.946205
1.03994
0.963962
0.983449
1.02426
1.0064
0.975438
1.01432
1.00072
1.08009
0.97348
0.970787
1.06345
1.0178
1.05189
0.95853
1.02764
1.03645
0.991569
0.994014
0.943769
0.966359
0.96446
0.968202
0.991791
0.968468
0.974104
1.03045
0.995333
0.959066
1.04476
0.946525
0.962558
0.969013
0.981104
0.997553
0.985595
1.02374
1.00306
0.962612
1.02836
1.01634
0.909333
1.04428
1.01806
1.0104
0.964871
0.935643
0.985974
0.974272
0.987233
1.00499
1.04763
0.975098
1.03876
1.03743
1.02859
0.938518
0.962252
0.955922
0.913569
0.998976
0.974971
0.988649
1.0135
0.913352
1.00274
1.01313
0.944245
1.01955
1.01446
1.06245
1.00658
0.976954
0.972772
0.976204
1.02839
1.01399
0.974873
1.0237
1.0003
1.00539
1.01644
1.05351
0.993985
1.05
0.996378
0.959484
0.98223
1.06861
0.955235
1.05021
0.96681
0.982947
0.999279
1.00158
0.986863
1.0159
0.958237
0.989747
1.04187
1.0065
0.98512
1.0136
1.0305
1.03224
1.04089
0.985329
0.918433
0.990169
0.978089
1.0496
1.0018
1.01344
0.985729
0.966778
1.00934
1.04345
0.982416
0.980523
1.05189
0.992289
1.0028
0.987301
1.02809
1.04629
1.03939
0.931694
1.06354
0.953934
1.0169
1.04184
0.975273
0.970119
1.00672
0.908022
0.977031
0.994624
1.0203
0.988154
1.08515
1.00257
0.981479
1.01281
1.03968
0.988601
1.06255
0.991588
0.958364
1.01094
1.01333
1.01052
1.0126
0.957435
0.997552
0.992008
1.00246
1.05787
1.01169
1.00053
0.995037
0.974363
1.02368
1.03496
0.982995
0.991123
1.05468
0.935573
0.920794
0.983545
1.0243
1.00525
0.974581
0.970302
1.02438
1.01718
0.975153
1.01136
1.01093
0.965066
1.01418
0.993844
0.939097
0.978569
0.994507
1.02676
1.02053
0.977749
0.984723
0.976768
1.0834
1.03311
1.00897
0.981184
0.98236
0.971438
0.951775
1.03667
1.01421
0.968905
0.960681
0.984577
1.00038
0.983711
1.01317
0.963105
0.99542
1.0008
0.950407
1.01212
0.927246
0.963032
1.05231
1.00878
1.04146
0.935171
0.994198
1.00975
1.02888
0.991796
1.05142
0.973121
0.956718
0.948491
1.01895
1.03115
0.980217
1.00199
0.982084
0.958491
1.02622
0.999429
0.993737
1.00278
0.956566
0.923952
0.995302
1.01418
1.03818
0.986071
1.04142
0.946764
1.04078
0.980716
0.941656
1.00628
1.05774
1.03136
0.988898
1.00957
0.991691
1.00243
0.98999
0.973601
0.981228
0.918451
1.00864
0.938083
1.01866
1.02966
1.01363
1.02256
0.968874
0.969242
0.994335
1.01251
1.10887
1.01955
1.01536
1.01447
1.02212
0.96384
1.03503
0.996328
1.02606
0.996805
0.945074
0.982208
0.940956
0.991986
1.04304
1.00569
0.975488
0.998083
0.965171
1.01612
1.03231
1.00927
1.02808
0.977826
1.05722
1.01798
1.01121
0.977911
1.05097
0.92958
1.00453
1.04756
0.893471
1.01127
0.956066
0.997115
1.02216
1.04369
0.99231
0.978856
0.974776
0.96279
1.01254
1.01142
1.02503
1.02637
0.980452
1.00589
1.00685
0.94842
0.994972
0.967424
0.972379
0.982789
1.0575
0.969366
1.01109
0.980282
1.03757
0.960736
1.04496
0.981711
1.06201
0.925816
0.984827
0.942924
1.00872
0.969509
1.01407
1.00486
0.975579
0.978486
0.976876
0.945803
0.999118
1.0157
0.980208
1.04142
1.00883
0.970317
1.02491
0.960501
0.988973
1.04522
1.0068
0.96616
1.00446
1.00519
1.03522
1.04824
0.981302
1.03045
1.01808
0.969587
1.02789
1.0358
0.948186
0.964823
0.995784
1.00756
0.992175
0.955924
0.99002
1.04409
0.987664
0.968972
1.00041
0.99192
1.01803
1.07336
0.98188
0.922013
0.969033
1.05566
0.937459
0.971691
0.977298
1.02401
1.00356
0.994125
0.956433
0.970156
0.995259
1.00903
0.88529
0.959687
1.09176
0.989802
0.971258
1.01327
0.961063
1.01641
1.01032
0.985732
1.02481
0.972417
1.01584
0.943332
0.986703
0.966451
1.00492
0.979716
1.00228
1.04074
0.992495
0.943676
0.994575
0.98882
0.995548
0.98419
1.02163
0.999661
0.974164
1.0474
1.02151
1.00289
1.00243
0.962353
1.01726
0.956528
1.01457
1.03198
1.01074
0.959428
0.917547
1.00163
0.99786
1.08538
1.00115
1.03047
0.994851
0.98662
1.01638
0.987081
1.02678
0.989641
1.05806
1.01679
1.00208
1.05519
0.956282
0.954096
1.06438
1.01687
0.924216
1.00499
1.06627
1.03635
1.02576
0.960914
1.01527
0.934229
0.980748
0.98244
1.00206
0.94421
1.0033
0.970792
1.01069
1.03751
1.02785
1.01994
1.00486
0.982779
0.991943
1.03123
0.991292
0.988558
0.958801
0.996827
0.950678
0.975547
0.968719
0.992073
1.01078
0.935616
0.985896
0.976535
1.01203
1.04815
1.07177
1.03986
1.07105
0.962814
0.932657
1.01349
0.934607
1.06518
1.02467
1.02731
1.01055
1.05278
0.959962
0.982436
0.995458
1.02459
0.979923
1.01742
1.02173
1.03076
0.99411
0.993824
1.00054
0.981617
0.976818
1.0032
1.0432
0.950194
1.00976
0.981475
0.925948
0.950576
1.0068
0.976832
1.03435
0.979785
0.961973
1.00719
0.976194
1.00182
0.95915
0.917013
0.996471
1.02759
0.961434
0.989477
0.915176
0.964737
1.00345
0.919254
1.03869
1.0039
1.06858
1.00496
0.973442
1.03427
0.964418
0.941488
1.06857
0.956031
0.989242
0.995951
0.999884
0.960389
0.941027
0.996361
1.06697
1.02182
0.953225
0.975614
0.980954
0.997213
1.01201
0.976773
1.0608
1.03155
0.968106
1.06108
0.96899
0.977272
1.02388
0.966442
1.06122
0.944498
1.01543
1.00328
1.1049
0.974496
1.02734
1.06996
0.993077
1.01077
1.01815
0.953468
0.962199
1.00006
0.974597
1.04236
1.00728
1.03532
0.975194
1.00411
0.983432
0.977828
0.945417
1.00397
0.926584
0.947571
1.05122
0.983638
1.06451
1.05002
0.960373
0.983996
1.04809
1.00365
0.968055
0.99107
1.01006
0.967567
1.05354
1.01955
0.963151
0.968615
0.998243
0.971819
1.02471
1.05505
1.04056
0.97019
0.959526
1.00941
0.963833
0.973288
0.986932
0.987535
1.02139
0.990272
0.982626
1.03992
1.01951
0.990876
0.982178
0.980335
1.02351
1.03354
0.979902
0.923044
0.992017
0.985783
1.02988
1.03283
0.998493
1.01134
1.03149
0.98956
1.03485
0.990236
0.980118
0.991274
1.01501
1.03347
1.01402
0.906081
1.03158
0.994369
1.00968
0.960984
1.03349
0.991243
1.01682
1.00829
1.05061
0.977813
1.0214
1.00672
0.968961
0.984611
1.02377
1.00103
0.962396
1.00858
0.935423
0.996029
0.97131
0.970541
1.01586
1.03358
0.989316
1.00469
0.988622
1.00187
0.995546
0.996497
1.03214
0.988058
0.985404
1.01545
1.0245
0.932738
0.993623
0.982242
0.990195
1.01918
1.01301
0.986179
1.02867
1.00371
0.942558
1.05004
0.984819
0.937928
0.951242
1.02367
1.00279
1.03113
1.01047
1.02062
1.09385
0.953719
1.02273
1.02768
1.05245
0.983898
0.996721
0.934083
1.07098
0.97894
1.01337
0.98037
1.03303
0.96791
0.935492
1.05128
0.959378
0.990763
0.999894
1.0301
1.019
0.961994
1.06697
1.07212
1.02936
1.00954
0.94707
0.937227
1.00703
1.07751
0.978105
0.956711
1.00997
0.973229
1.04859
1.03985
1.00977
0.964829
0.975348
0.987287
1.04606
1.08694
1.06206
1.02417
0.956426
0.948547
1.02369
1.01497
0.962756
1.02248
0.998523
0.952225
0.985213
1.02198
0.965366
1.03248
0.958685
0.98338
1.00895
1.00126
0.992369
1.06437
0.986083
1.03597
1.08719
0.998031
1.01043
0.978381
1.02075
1.03962
0.96679
1.02969
1.04271
1.04181
0.984214
0.977874
1.03089
0.963801
0.966664
1.0153
1.07063
0.980507
0.991008
0.989174
1.02904
0.990522
0.979591
1.02628
0.952026
0.917646
1.046
1.01791
1.0112
1.02817
0.901653
1.07625
1.01067
1.0019
1.01183
0.999368
0.973653
0.983381
0.998456
0.976405
0.948045
1.00544
0.918266
1.03452
1.02637
1.02344
1.03515
1.02354
1.00676
0.990791
0.965969
0.947905
1.03107
0.989396
0.996672
1.0305
0.945555
1.01887
0.975758
0.989114
1.02647
1.0046
1.0659
0.986583
0.911049
0.951743
0.995168
1.03396
0.994813
1.06469
1.01372
1.05775
0.970584
0.994687
0.97619
0.953242
0.97002
0.984538
0.997322
0.930235
0.967282
1.02204
1.00871
0.943151
0.996511
1.02969
0.979384
1.05797
1.03164
0.973922
1.05177
0.959243
0.925657
0.987002
0.930078
0.965973
0.97919
1.02217
1.0277
0.982494
1.03306
0.983336
1.02142
1.01729
0.984199
1.04303
0.971597
0.96578
0.934837
0.96077
0.996223
1.04101
0.940196
1.00725
1.00638
0.981503
0.944714
1.03972
0.999505
1.04027
0.967642
1.01434
0.98351
0.977451
0.995833
1.06824
0.960125
1.05468
0.976492
0.974574
1.03674
0.990122
1.05467
0.991753
0.969936
1.01748
1.0049
0.989893
1.07393
1.00461
0.926428
0.964702
0.972991
1.0243
0.978282
0.987703
0.947845
1.00373
0.975877
1.06372
0.96393
1.05157
0.96349
1.03506
1.02902
1.02521
1.11357
0.988598
0.997799
0.98737
0.977231
0.985341
1.02249
0.977391
1.03801
1.05641
1.0128
1.02387
0.989167
1.03017
1.01853
1.00073
0.996913
1.06034
1.02318
0.943154
0.957005
0.993337
1.00465
1.0125
0.97567
0.987145
0.947119
1.01479
0.955011
0.964771
1.02483
1.00729
0.965196
1.03652
1.04705
1.02013
0.994895
1.03515
1.00851
0.991118
0.985267
1.0058
1.03547
1.04746
0.972651
0.986467
0.989053
1.04048
1.01099
1.00652
1.02486
0.934233
1.01887
1.00485
0.976151
0.927652
1.08593
0.929227
0.906455
0.932498
1.06357
1.02243
1.03704
1.00701
0.95271
0.96318
0.97062
1.05371
0.979437
1.09303
0.973334
0.985941
1.00359
0.992985
1.00616
1.05932
1.00455
1.05895
0.975176
0.983468
0.982818
1.00633
0.980821
1.00525
0.981892
1.04656
1.00668
1.00222
0.983909
0.974372
1.00955
0.943118
0.943254
1.0287
0.983214
0.970404
0.982344
1.03783
0.997424
1.00688
1.06147
0.985753
0.98813
1.04675
0.984659
1.0088
0.997212
1.01676
1.01842
0.99996
0.941159
0.985858
1.03052
1.00557
1.00606
0.932688
0.977499
0.979963
1.02818
1.01144
0.988496
0.988541
0.987751
1.03192
1.03634
0.992822
1.00022
0.966588
1.04785
0.963215
0.918228
0.941244
0.992404
0.990663
1.02031
1.09073
0.984082
1.04642
1.00214
0.951845
0.997671
0.981925
1.01865
1.01252
1.06643
1.06305
1.00247
1.07381
0.989954
0.99293
0.979375
1.01887
1.00432
0.98016
1.01514
1.03992
0.984261
1.05698
0.940416
0.999078
0.96893
1.03884
0.960628
1.00459
0.970162
0.948175
0.961417
0.937595
1.03313
1.01838
1.01644
1.03399
0.954773
1.01588
1.06883
0.981307
1.02072
0.986545
1.02482
1.0426
0.949691
0.98652
0.964973
0.970939
0.993556
1.04081
1.003
0.973052
0.989753
1.01413
1.03423
0.9749
1.03555
1.0108
0.990947
0.993388
1.02577
0.969286
0.990987
0.992246
1.03436
1.03522
0.981163
1.03407
0.94483
1.0393
1.02415
1.02197
1.02027
0.992247
1.00788
1.03641
0.984704
1.05108
0.990098
0.952319
1.02188
0.996405
1.03775
0.964621
0.995626
1.0283
0.99426
1.00945
0.953607
1.00898
1.03871
0.987462
0.970787
1.01087
1.06107
0.910299
0.949235
0.99001
0.989141
1.057
1.04182
0.992734
0.994651
1.02078
0.975515
0.964723
1.00707
0.989151
1.01723
1.00555
0.988717
0.932135
1.00067
0.967152
1.05819
1.01954
1.00172
0.953698
0.995325
0.969491
1.02142
1.00649
0.984486
1.01032
1.0236
1.00226
1.03528
0.980345
1.0075
1.00688
0.990863
0.989177
1.00427
1.01646
0.946989
0.960234
0.983265
1.00038
1.02471
0.996908
0.980673
1.01818
0.953887
1.0074
0.958089
0.988451
1.00425
1.04866
1.0666
1.05493
1.04262
1.01296
1.02775
0.999967
0.989661
1.05375
0.962283
1.02435
1.07779
1.00722
0.959801
1.00408
0.955234
0.997186
0.980487
0.978912
1.01864
1.04007
0.99884
0.964851
1.00215
0.947069
0.993347
0.970821
1.01926
0.993119
1.01892
0.952484
1.04723
1.00601
0.964057
1.00472
0.956129
1.00819
0.999706
0.984636
1.04286
1.00074
1.00742
0.985099
1.01116
1.02131
1.03764
1.06271
1.02251
0.962142
0.974494
1.00318
1.00434
0.958059
0.990252
0.982257
1.00639
1.02186
0.953099
0.969899
0.984681
1.00506
1.03217
1.00608
1.04371
0.999332
1.04315
1.01056
1.05367
0.967935
1.0464
0.990063
0.922919
0.999071
0.996565
0.976482
1.04557
1.00327
1.01106
0.989402
1.01465
1.00155
1.00329
0.980041
0.995163
0.977282
0.980528
0.999198
1.00743
1.04929
1.01422
0.980077
1.01772
1.05562
1.02134
0.962348
0.972126
0.982449
0.95814
1.02108
0.989791
0.970868
1.07339
0.974944
1.08694
1.01302
0.937632
0.968248
1.06259
1.00045
1.02901
0.995515
1.00718
1.0006
0.987245
1.01978
1.02169
1.05759
1.00576
0.980979
0.944861
1.05127
1.04753
1.04672
1.01196
0.969492
1.01895
0.987501
0.952957
1.04264
1.00676
1.02328
0.99488
1.00079
1.07957
0.980573
0.985334
0.992784
1.00139
0.946793
0.946819
0.99475
0.997688
0.977386
1.0401
0.980661
0.982368
1.02171
0.965864
1.04918
1.05392
1.0636
0.942708
1.03256
1.03775
1.02997
0.965068
0.958866
0.998411
1.00344
1.00414
0.949846
0.979999
1.0602
0.998827
1.02736
1.00136
1.03989
1.02669
1.00547
0.935762
0.951137
1.04373
0.98899
1.0048
1.043
0.942011
0.949627
0.965039
1.02195
0.938647
0.974192
1.0393
1.07867
0.995376
0.958633
0.977484
0.995108
0.963736
1.00206
0.988429
1.0542
1.01064
0.956754
0.997474
0.952728
1.0316
1.03942
1.04468
1.00712
0.989127
0.960688
1.02152
1.0021
0.983457
1.02308
0.977411
0.995208
1.03063
0.975599
1.00551
1.01324
1.04833
0.999916
0.970142
0.966348
0.986471
0.973956
0.938027
0.972651
1.05365
1.00815
0.992578
0.994294
0.956549
1.03498
0.968335
1.03069
0.919763
1.01498
0.998202
0.979285
1.01486
1.03884
1.03496
0.984315
0.916872
0.963227
1.01027
1.05263
1.01072
0.957273
0.983652
1.00711
1.03414
1.00378
1.05386
0.963764
1.01075
0.947414
0.937373
1.08142
0.999468
1.00987
1.03026
1.04501
1.02877
0.971418
1.02602
0.981561
1.00733
0.994572
1.05244
1.00086
1.02501
0.959383
0.987541
1.0545
1.0251
1.01093
1.00761
0.962946
0.980061
0.963115
1.02055
0.940492
1.05831
0.997295
1.00964
0.994478
0.968542
1.01135
0.974504
1.0382
1.01649
0.994125
1.01365
1.0485
1.03945
0.998
0.981874
1.02171
0.997856
0.97515
0.962838
1.07856
1.00578
1.00936
0.993978
1.00871
1.03338
0.983461
1.01352
0.984843
1.03225
1.05397
1.0123
0.998504
1.00771
0.99849
0.999213
1.03426
0.995519
0.954865
0.95978
1.01861
1.05432
1.01513
1.05541
1.0576
0.992011
1.04541
1.05733
1.05094
1.04743
0.962057
1.04432
1.04993
0.961911
0.994709
0.961504
0.989558
0.999852
1.03568
0.974692
1.00945
0.988878
1.0449
0.976309
1.01387
0.961096
1.07075
1.00041
1.04657
1.01239
1.03007
1.00537
1.01323
1.00851
1.01848
1.06303
0.976151
1.02249
0.976662
1.00825
1.00572
1.06581
1.05556
0.98219
0.95543
1.00528
1.01781
1.07471
1.02288
1.00069
1.0293
0.95794
1.00626
0.970684
0.999153
1.08078
1.03753
0.928852
0.992888
0.942551
1.06525
1.05222
1.00747
0.997725
0.998365
0.995446
0.95178
1.02071
1.02271
1.01062
1.0299
0.974411
1.00737
1.006
1.04625
1.06904
1.01129
0.974345
0.97454
1.01014
1.01874
1.02784
1.02292
0.990217
1.02327
0.966739
0.995543
1.05575
0.982398
1.01804
1.09215
0.92767
1.02268
0.937422
0.927208
1.00938
1.08188
0.968175
1.02669
0.989524
1.02866
0.921898
1.01061
0.958122
0.976981
1.06099
0.950128
1.04209
0.993729
1.06763
1.02728
0.953745
0.950248
1.05427
0.95595
1.0468
1.05038
0.972274
0.926824
1.08017
0.977333
0.993736
0.985982
1.01784
0.964636
1.13824
1.04022
1.06844
0.906923
1.00551
1.0458
1.07684
1.00163
1.05014
1.00882
0.99576
1.02764
1.04535
1.02482
1.01789
1.07205
0.930627
0.997483
1.01206
1.01136
0.926402
0.979473
1.0171
0.985972
1.06688
1.03813
0.981751
0.895218
1.01698
1.01708
1.04097
0.982401
0.99338
0.958143
1.00908
0.983982
1.03567
1.01027
1.00394
1.00004
0.968978
0.940592
1.06398
1.07654
1.01896
0.944581
1.03551
1.00719
0.9802
0.994499
1.06879
1.01052
1.06125
0.995306
1.02348
0.969983
0.978142
0.974137
1.0146
1.05341
1.00321
1.02361
1.00009
1.02987
0.96653
1.06364
1.02992
0.980506
0.992743
0.966357
1.03111
1.06462
1.05203
1.02791
1.02528
0.963229
1.0202
1.01161
0.970839
1.06524
1.00714
1.01022
0.977279
1.00311
1.04115
0.971206
1.02869
0.982833
0.984493
0.964672
0.983173
0.958304
0.996262
0.993748
1.03706
0.974584
1.04517
0.999189
1.06564
1.03313
1.06269
0.962688
0.973932
0.922671
0.996547
1.0646
1.03665
0.976086
1.04083
0.98595
0.966797
1.00974
1.06709
1.02544
1.05544
1.00302
1.01475
0.965655
1.01498
1.0079
0.998796
1.01146
1.02783
0.955098
1.00615
1.03416
0.970196
0.986306
1.00989
0.997197
1.01795
0.952801
0.94544
0.952386
1.05367
0.998247
1.08831
0.99648
1.00647
1.00165
0.956032
1.0436
0.988856
1.00561
0.965192
1.0489
1.10084
1.00642
1.09237
1.05069
0.992391
1.08771
1.03169
0.968219
0.989527
1.00004
0.990471
0.958584
1.01396
1.04302
1.05816
0.981069
1.05743
0.981547
0.979697
1.06904
0.996664
1.02548
0.976908
0.954001
0.965753
1.02122
0.897533
0.975832
1.02784
1.04153
0.975939
0.988284
1.0419
1.07366
1.03026
1.02458
1.04868
0.97138
1.00167
0.954
0.989499
1.0286
1.01157
0.976992
1.02083
1.04954
1.0037
1.04859
1.00987
1.00411
0.986706
1.02614
0.956997
0.992524
1.03799
0.990785
0.970534
0.993231
0.999237
1.01278
1.00914
1.01985
1.03023
1.08991
0.96691
0.960613
0.927794
1.00898
0.961889
1.01708
1.00519
0.993313
1.00797
0.969629
1.02693
0.985492
1.06953
1.0174
0.985189
1.03896
1.02564
0.983968
0.975769
0.925713
1.01544
0.951699
1.00096
1.00651
0.975659
1.01261
0.980273
0.982738
1.03188
1.0261
1.00697
1.00053
1.049
0.995421
1.02768
1.03826
1.02472
0.905151
1.01321
1.03368
1.01013
1.01438
1.00239
0.991631
0.972735
1.05185
0.994339
0.982017
1.00229
1.03087
0.97781
1.02233
1.02036
0.982318
1.02718
0.991604
1.06179
1.00005
1.00792
0.976427
0.986529
0.987686
0.980172
0.971618
1.0367
0.995513
0.953793
0.961914
1.00572
1.00209
0.998358
0.958682
1.03931
0.997754
1.01014
0.954015
0.994604
1.02283
0.95898
0.999604
1.06144
1.01958
0.9894
0.997095
1.02496
0.946516
1.01729
0.986513
0.998523
1.03138
1.035
1.00482
1.05817
0.972885
0.959394
0.973868
0.991078
0.962498
1.00223
1.0675
0.930351
1.05721
0.979437
1.04848
1.0317
1.0858
1.01525
0.999443
0.963023
0.984114
1.05844
0.966963
0.979085
0.924383
0.996202
1.0207
0.972839
0.987146
1.0209
0.99205
1.01209
0.970868
0.901547
0.979442
1.00637
0.988945
0.968842
1.01101
1.07413
1.04097
1.01318
1.03221
0.944542
1.0746
1.03743
1.03967
0.932045
1.07413
0.965211
1.03888
0.988822
0.978487
0.968398
0.973021
1.03843
1.00111
1.0003
0.994938
0.995168
1.02585
0.960797
1.00548
1.01165
1.06178
0.957818
0.889225
0.967086
1.01387
0.969142
0.978856
0.994613
1.01826
1.02233
1.00154
0.970743
0.978692
0.958858
1.0688
1.02787
1.04482
1.00611
1.01375
0.981577
1.0178
0.944488
0.967507
0.987931
1.00362
0.944486
0.967537
1.02528
0.973893
1.04162
1.01
1.01326
1.06351
1.01142
0.975829
0.960048
1.06085
0.979931
1.00861
0.931529
1.00994
1.00371
0.959737
1.05855
1.06817
1.00621
1.02253
0.956412
1.0086
1.00892
0.986695
1.01767
0.920529
1.04649
1.03952
1.04823
0.961398
0.981817
0.981195
0.973079
1.02533
1.00887
1.01718
0.94728
1.02417
0.957512
1.01067
0.966765
0.96873
1.0156
1.05308
0.986409
1.07958
1.11943
1.02114
1.04643
0.986213
1.03458
0.993454
1.04368
0.968483
1.01296
1.01037
1.03852
1.01948
1.09369
0.977394
0.975474
1.01747
1.05592
0.997399
1.00043
0.968621
1.04238
0.957138
0.974716
1.02448
0.999106
1.02357
0.972558
0.998823
0.964167
0.983823
1.00071
1.04903
1.01846
1.02609
1.0082
1.02177
0.996662
0.95277
0.98158
0.982851
0.991107
1.01773
0.89637
1.01626
1.01101
1.02929
1.06264
1.01019
1.00555
0.995456
1.02689
1.03631
0.983965
0.92334
1.03533
0.993023
1.01711
1.01527
1.0159
1.00285
0.986324
0.973117
0.993173
1.03462
1.02945
1.04243
1.00659
1.01034
0.983149
1.00253
1.03716
0.989827
1.03078
1.0281
0.966715
1.02059
0.955572
1.01532
0.981836
1.01688
0.983341
1.02233
0.984189
0.968993
1.02831
0.995032
1.00222
0.980735
1.01636
0.995317
0.99701
0.966486
0.972122
1.02623
1.05985
0.951349
1.02009
0.9395
0.958352
1.03373
0.94657
1.03453
1.00053
1.01452
1.00605
0.985682
0.947645
1.01737
0.966258
1.00809
1.02044
1.06815
0.981796
1.02367
0.953286
0.942402
0.997764
1.00092
0.96561
1.02955
0.976757
0.991094
0.997364
0.97388
1.00276
0.967906
1.03076
1.03845
1.05207
0.95842
0.991853
0.993967
0.960848
1.06852
0.957134
0.957611
1.02257
1.01022
1.06335
1.00793
0.978686
0.994938
1.01926
1.00333
1.09077
1.01254
0.982778
0.977867
0.98031
0.983862
0.986379
0.957651
0.971679
0.967604
0.977179
0.977717
0.98898
1.06474
0.954798
1.03686
0.961441
0.993661
1.05595
1.00469
0.955943
0.925075
0.949612
0.987185
0.951946
1.02757
1.03707
0.983832
1.00781
1.00497
1.0522
1.09692
1.00184
0.99706
0.989883
0.99237
0.904096
0.978148
1.00173
0.970438
1.04458
0.985734
1.00836
1.00745
1.05186
1.02607
1.02328
1.05909
1.0468
0.981717
0.935788
1.05486
1.02178
1.05409
1.01086
0.965994
0.994134
1.02149
1.06983
1.03032
1.01099
1.01449
1.00184
1.00311
1.01941
0.966547
0.998483
0.975535
0.983533
0.954143
1.0237
1.02885
0.944746
1.00796
0.985415
1.04943
1.00637
1.04496
1.01801
0.970571
0.948741
1.00916
0.974832
0.989319
1.03351
1.01213
1.04461
1.04433
1.02722
0.974042
1.05208
0.98774
0.957658
0.930509
0.992818
1.00881
1.02166
0.975507
1.01042
0.972712
0.924188
1.01107
0.977424
0.975774
0.965524
0.969917
0.922831
0.97285
0.990363
0.953653
0.954706
1.02836
0.930997
0.983191
0.992423
0.970461
0.99044
0.966376
1.04701
1.02374
1.00434
1.04757
1.0015
1.0453
1.02292
1.0225
1.01303
1.04838
1.0278
1.06291
1.02052
0.96857
1.05484
1.04361
1.04951
0.954368
0.938094
1.00767
1.04892
0.974037
1.0337
0.986102
0.942113
1.03988
1.06993
0.998248
1.02433
1.0185
0.999499
1.03471
0.95588
0.963032
0.998266
1.02571
0.990045
0.971225
1.02908
1.02177
0.987814
0.988126
0.982173
0.952391
0.988197
1.02719
0.964821
0.984487
0.950955
0.994717
0.969725
1.00198
0.985037
1.07487
1.00819
1.04224
0.982919
1.02704
0.995362
1.04727
1.00527
1.06348
1.01669
1.00614
0.988862
1.03164
0.986993
0.950109
1.02659
1.08106
0.987714
1.00188
1.01292
1.00166
1.02698
0.955401
0.968511
0.999977
0.976985
1.07172
0.990509
0.986853
1.03226
0.940312
0.989931
0.995181
1.01893
0.96381
1.01451
0.972443
0.983531
0.988192
1.00006
0.961479
1.05075
0.948969
0.924342
1.00654
0.991376
1.06788
1.01554
1.04016
1.03851
1.08268
0.941346
0.930506
0.956927
1.02123
1.00577
0.957818
1.01411
0.995411
1.01534
1.01303
0.989556
1.01509
1.01424
0.954441
0.919042
0.997461
0.967887
1.02312
0.982063
1.02844
0.933931
1.00813
0.972691
1.01241
0.998464
1.03764
0.973095
1.03397
0.954401
0.957369
0.965505
1.02052
1.01194
1.01108
1.02334
0.979942
0.981109
1.00612
1.02041
0.994348
1.02663
1.01714
0.985508
0.975953
1.02693
0.940837
0.959975
1.04353
1.05932
0.955541
0.988954
1.04294
1.02049
0.966087
1.0144
1.02577
1.0324
1.00824
1.04373
1.01684
1.00486
0.998633
1.0036
0.942282
1.00964
1.04099
0.964192
1.09234
1.02034
0.939061
1.01816
0.972186
0.994182
1.04161
0.976208
1.05537
1.05714
0.981104
0.98232
0.914226
0.946655
1.01777
0.956442
0.907596
0.99314
1.04138
0.971519
0.942158
0.999432
1.00721
1.05335
1.08555
0.993985
1.00691
1.08582
0.991892
1.00214
0.974745
1.09515
1.07056
0.979537
0.972497
1.05546
0.926577
1.02826
1.02768
0.993091
1.01681
1.016
1.01565
1.0164
1.1188
0.989937
1.0016
0.973187
1.01222
0.999885
0.964355
0.954049
1.10166
0.995418
0.974641
0.951479
0.930183
1.04006
1.03242
0.991629
0.997972
0.962973
1.03561
0.980821
1.00396
1.04954
1.00243
1.01078
1.05605
1.01606
1.02155
1.05352
1.03917
0.953333
0.982159
0.97498
1.02713
1.00637
1.02568
1.03788
0.998873
1.02396
0.996396
1.03595
0.972266
1.04608
1.08366
0.991899
0.937123
0.972067
0.996774
0.939003
1.03041
1.02941
1.02437
0.992756
1.02126
1.03662
1.01562
1.00265
0.987295
0.985876
1.07052
1.04071
1.01564
1.0233
1.02258
0.935547
1.01262
1.01576
1.04529
1.04925
0.98331
1.03917
0.996337
0.967703
1.0093
0.976976
1.01886
1.02767
0.925188
1.01521
1.03304
0.998819
1.0339
1.01014
1.06516
1.07978
1.02054
1.02342
0.983159
0.994145
1.05436
1.01144
1.01295
1.02033
1.01395
1.02623
0.981605
0.973084
0.961914
0.965751
1.00855
0.975809
0.970538
1.02008
0.974591
1.00478
1.00879
1.03038
0.989617
1.02429
1.02289
1.03086
0.99847
1.03252
1.00832
0.986251
0.989809
1.01985
1.08696
0.998701
1.03648
0.993489
0.961701
1.02238
1.0086
1.11278
0.983658
1.02849
0.973861
0.967291
0.975947
1.00885
1.02453
1.00854
0.966001
1.03299
0.932249
1.05145
1.00937
1.02491
0.989772
0.986607
1.01775
1.02674
1.00537
0.943845
1.08221
1.03899
0.977181
1.02353
1.02475
1.09765
1.01635
1.04753
1.02221
1.0407
1.01967
1.00389
0.994266
1.03141
1.02049
1.04676
0.973898
0.95423
0.959088
0.952919
0.986034
1.04971
0.955712
1.00383
1.02015
1.00573
1.03278
0.988804
1.01834
0.976093
0.964016
0.939529
1.01987
1.0228
1.04682
1.03649
1.01433
1.00094
0.991123
1.01355
1.0362
1.05352
1.07411
0.993837
0.997511
0.974879
0.929358
1.0378
1.03228
0.99983
1.03753
1.01068
1.05834
1.01032
1.05401
0.965778
1.01809
0.987954
1.01542
0.971276
0.987459
1.03002
0.999715
0.926681
1.04751
1.01325
1.00788
1.07512
1.00754
1.06681
1.00375
1.02674
0.997223
1.01378
1.04006
1.0026
1.01746
1.01479
0.946193
1.03819
1.03443
1.02045
1.03358
1.03716
0.971445
1.01572
0.965125
1.05001
0.95949
0.984234
1.00711
1.0129
0.967355
1.03026
1.0528
0.996833
1.03629
0.959562
1.02119
1.05603
0.977482
0.949152
0.992314
0.984598
1.02664
1.03625
0.984858
0.99815
1.05199
1.03702
1.01761
1.00687
1.04571
1.07015
1.01438
1.03365
0.956907
0.987589
1.00566
0.978157
0.963449
1.0258
0.972375
1.03354
0.995959
1.00169
0.973414
0.954515
1.03572
1.01281
0.96087
1.02589
0.9827
1.0947
1.05065
1.0394
1.01774
1.04348
0.997647
0.926277
1.03187
1.00868
1.00007
1.02228
1.01674
0.996159
0.982762
0.996794
0.975465
0.951222
0.984691
1.05198
1.04813
1.043
0.962035
0.984988
0.958845
1.00027
1.02191
0.965846
0.940101
0.912344
1.02223
0.986642
1.10212
1.04107
1.05157
1.02848
0.978994
0.99175
1.00573
1.03221
1.03802
1.022
0.983864
1.03544
0.986015
0.976362
1.02187
0.991712
0.949481
0.983057
0.996967
0.995457
0.979695
0.977869
1.02731
1.04497
1.05771
0.999691
1.01279
0.957892
1.00847
0.971807
0.945604
0.999528
0.953422
1.01687
0.978032
1.01531
0.97862
1.03765
1.06756
0.93775
0.964598
0.985149
1.00124
1.01343
0.99581
0.990518
1.06732
1.01373
0.959472
0.971825
1.00456
1.00522
1.03716
1.02505
1.01214
0.986433
1.04888
1.06217
1.057
0.992995
1.03721
1.00747
1.01278
0.919081
1.01543
0.982623
1.05754
0.990427
0.98173
1.01079
1.0413
0.971083
1.05783
1.02103
0.981931
1.07379
1.0397
1.01943
1.01329
0.986981
1.01286
0.993744
0.991401
0.961684
0.937015
0.997503
0.996323
1.0244
0.994707
1.02818
1.03702
1.01743
1.04659
1.04971
0.991022
0.984408
0.956817
0.956963
1.03763
1.00609
1.00679
1.0265
0.977912
1.02833
0.940526
1.00352
1.05037
0.983142
1.01795
1.07549
1.02679
0.98798
1.00929
1.03817
1.01403
1.02772
0.99678
1.05784
1.03582
1.02119
1.03692
1.04357
1.01372
1.0262
0.978858
1.01796
0.966758
1.02262
0.941718
1.06668
1.05699
1.0195
1.01996
0.994292
0.980177
1.04216
0.980875
0.994009
1.00304
0.980279
0.931962
0.918685
0.966524
1.02446
1.02023
1.01566
0.932079
1.03557
1.00027
0.963535
0.952898
0.983518
1.03647
1.00077
0.924152
1.00428
0.976027
1.0256
0.935067
0.963651
1.03122
0.989836
0.998168
1.01221
1.01996
1.01764
1.03607
0.963999
1.0055
1.05744
1.04114
1.01964
0.981985
1.028
0.972255
0.993929
1.04135
1.02404
1.03694
0.950802
0.958133
0.925667
1.05394
0.910356
1.00105
0.932906
1.01985
0.969338
0.987951
1.00889
1.02385
1.00205
0.982819
0.973459
0.959128
1.00259
1.05702
1.00104
0.98377
0.97302
1.02031
1.03863
1.01498
1.06559
0.990821
0.996383
0.968269
1.02521
1.00858
0.97141
1.00963
1.02583
0.992264
0.971068
0.983589
0.965259
1.01146
0.955417
1.01302
0.968803
0.951661
0.994764
0.980024
0.960008
0.980332
1.08933
0.979869
1.02194
0.94942
1.00797
0.971834
1.03044
1.01272
0.940667
0.976919
0.915797
0.987608
1.00357
1.05556
0.983359
0.999794
1.02093
0.982834
1.01465
1.06593
1.05243
0.991368
0.934215
0.997298
1.02796
1.02643
0.964942
0.992371
1.01079
0.998832
1.07816
1.01321
1.01076
0.971104
1.04701
1.03438
1.06195
0.972464
1.01047
1.02708
1.04176
0.95985
1.00835
0.95414
1.00766
0.989882
1.04895
1.02208
1.0803
1.00473
0.999982
1.02394
0.961832
0.980671
1.01743
0.966617
0.990479
1.00138
1.06684
1.01382
0.961158
0.959269
1.02767
0.986437
1.02087
0.988614
0.980208
0.981464
0.969
0.937002
1.01569
0.988279
0.971673
0.995004
0.989923
0.967587
1.0235
0.973055
0.980442
0.978355
1.00418
1.01167
1.02424
1.03324
1.05802
0.986065
1.09091
1.03128
0.988244
1.03774
1.03105
1.01413
1.01879
1.0395
0.9519
0.981662
1.00976
1.01528
0.952071
1.04032
0.988272
0.959812
1.04267
0.982137
0.987197
1.03753
0.973143
1.05608
0.973773
0.976504
1.01038
0.95204
1.07654
0.977749
0.990329
0.974501
0.981167
1.01724
1.02959
0.946301
1.03724
0.99298
0.974578
0.935163
0.98447
1.06089
1.02148
0.967753
1.01693
0.956809
1.0115
1.00647
0.970954
0.985607
1.00627
1.01366
0.961925
0.98112
0.990225
0.969661
0.927009
1.0195
1.00107
1.03497
1.01158
0.99063
1.04292
1.02384
0.983276
1.02186
0.950282
0.986046
0.906005
1.02064
1.04723
0.978935
1.02024
0.990544
0.945968
1.05956
0.971001
1.03143
0.996216
1.03046
1.00709
1.01224
1.0415
0.953584
1.00887
0.988592
0.996939
0.994325
1.04642
0.923412
1.0394
1.06137
0.993226
1.03072
1.07876
1.02482
0.967514
0.990535
1.04805
0.983142
1.00568
1.03772
0.990392
0.974126
1.05674
0.939064
1.01613
0.953669
1.00501
0.924384
1.03099
0.96671
1.06066
0.957082
1.02577
1.0006
0.992701
1.01492
0.988084
1.01319
0.956186
0.952942
0.932169
0.96699
1.03228
0.991075
0.979252
0.990902
1.02151
0.989308
1.02087
1.0289
1.09098
1.00405
1.02951
0.985939
0.937494
1.01163
1.0644
0.982273
0.975801
0.987788
0.986804
0.963665
1.01448
1.02976
0.976044
0.933391
1.01743
1.05043
0.941724
1.02626
0.991986
1.01038
0.960352
1.02144
0.938153
1.0195
0.998518
1.03603
0.935495
1.0469
0.981418
1.00907
1.02143
1.0456
1.02333
0.991837
1.02197
1.0033
0.979766
1.0683
0.956071
0.972868
0.994395
0.96013
0.975973
0.987577
1.02958
0.980735
0.993216
0.945174
0.963854
1.02467
1.01719
0.94508
0.990821
1.00582
0.953075
0.981868
0.938213
0.96856
0.992357
1.03509
1.00367
0.971818
0.939796
0.992096
0.968155
1.0435
1.0323
1.0235
0.971853
0.984544
0.960596
1.06771
0.973231
0.962395
1.00076
0.998435
1.01916
1.03386
0.872066
1.03116
0.994778
0.981303
1.03451
1.00894
1.03514
0.930961
0.97513
1.024
1.0133
1.00348
1.00069
0.958711
1.03503
1.03251
0.988092
0.992054
1.00142
0.995486
1.01635
0.960203
0.991247
1.04294
1.00035
1.01845
1.01468
0.94315
0.957799
1.01013
0.973369
0.988697
1.03816
0.987824
0.988748
0.986627
1.05582
0.997353
0.949663
1.02128
0.941565
0.982327
1.01787
0.984165
1.04437
0.974836
0.994821
0.94893
0.979965
1.03802
1.02099
1.00661
0.983067
1.00731
0.940662
0.994496
1.00498
0.957253
1.0329
0.954052
1.00172
0.998781
0.99296
1.04125
1.11298
0.968189
0.99822
0.891468
1.02621
0.955317
0.994471
1.00356
1.00309
1.03552
0.935174
0.974785
0.989019
0.97289
0.966315
0.967295
0.99673
0.999662
0.967356
0.985689
0.975721
1.007
0.999531
1.01985
1.02407
0.987206
0.996555
0.996477
1.02201
0.987237
1.02373
0.956241
0.962921
0.971066
0.988893
1.00499
0.961746
0.995713
1.00134
0.989658
1.02116
0.992924
1.03327
0.951598
0.940941
0.973971
1.04382
1.00886
0.993185
1.03685
0.96116
0.960386
1.00892
1.00321
0.994868
0.937477
0.976227
1.0581
1.04118
1.01254
1.00041
0.999271
0.954354
0.970619
0.941548
1.0426
0.93731
0.997733
0.946554
0.999723
0.931317
0.90755
0.932958
1.0363
0.961807
1.03254
0.951214
0.995316
1.0064
0.998693
0.986697
1.03621
0.977224
1.028
0.991416
0.963194
1.05401
0.987792
0.958383
0.974767
1.04884
1.04064
1.00713
0.982964
1.0546
0.975619
1.01226
1.03852
0.955079
0.956067
1.02344
1.02317
0.957197
1.04264
0.927921
0.998159
0.963262
0.978177
0.954271
0.949098
1.00916
0.968337
1.03134
1.02254
1.01368
1.00743
0.986986
1.06355
0.980253
1.04361
0.994466
1.01713
1.04188
1.01451
1.02424
1.02459
0.948416
0.932234
1.03428
1.01077
0.997039
0.962293
0.943136
0.921338
0.98596
1.00878
0.999965
1.03442
1.00639
0.932011
1.05058
1.03749
0.954855
0.99794
0.998499
0.965979
1.02341
0.992025
1.02031
0.952349
1.01876
1.00651
0.957841
1.01467
1.01913
1.01886
1.03379
0.955187
0.972415
0.991462
1.04759
1.02646
1.01387
1.02992
1.00216
0.977218
1.00156
1.02156
1.03357
1.07666
1.06232
0.957056
0.965959
1.01848
0.981592
0.978307
1.01025
0.986127
0.921574
1.02321
0.954699
1.00537
1.01635
1.02682
1.0373
1.01723
1.02108
1.02148
1.06881
0.976275
0.962272
0.917935
0.944883
0.958332
1.05692
0.980952
1.04933
1.00699
1.00289
0.964352
1.01488
0.981961
0.910452
1.03847
1.02223
1.03054
1.01868
0.979274
0.967788
0.987782
0.965125
1.02045
1.02782
0.974081
0.982915
1.01242
0.975607
1.03766
0.938568
1.0224
0.999281
1.02068
1.02397
1.0081
0.984547
0.978966
1.02203
1.04362
1.04332
1.07111
0.968269
0.997064
1.01488
1.0184
0.932301
0.95003
1.01313
1.00248
1.04648
0.965304
1.03751
0.962105
0.970785
1.07092
0.981923
1.00748
0.988927
1.0029
0.978898
1.03719
0.926776
0.958712
1.06247
0.955602
0.99913
1.06598
1.06551
1.02244
1.03704
0.958927
0.993359
1.03557
0.999382
0.933354
0.969431
0.97975
0.969545
0.985361
0.981045
1.01436
0.954393
1.06916
1.05675
1.01918
1.02648
1.04614
0.985065
0.955884
1.04332
0.96685
1.04813
1.03847
1.05166
1.00441
1.01539
1.01778
0.981005
1.00499
1.03272
1.08673
0.995196
0.997888
1.03532
1.03245
0.966265
0.98299
1.02396
1.03134
1.02136
1.05169
1.04271
0.92514
1.03048
0.977438
0.936285
1.03426
1.03559
0.994319
1.06438
1.00985
0.986619
0.955375
1.02601
1.0079
1.02688
0.973942
1.04794
1.04489
1.0012
0.998464
1.0323
0.953142
0.988456
1.01378
0.935855
0.969665
0.984711
1.00176
0.97262
0.984322
0.982459
0.99563
1.00156
0.97805
0.98924
1.03913
1.01979
1.02692
0.974202
1.08867
1.02303
1.07682
1.01708
1.01737
1.01562
0.975656
0.972838
0.965634
1.05419
1.00131
0.995423
1.03077
0.968183
1.03881
1.06887
0.998216
1.00876
1.00464
0.949439
1.02275
0.989236
0.966571
0.996161
1.03039
0.960828
1.04744
0.979099
0.993246
0.956559
1.04192
0.954777
0.970961
0.965673
1.02063
1.03882
1.00818
1.00802
0.980697
0.92425
1.00623
0.998958
0.989529
1.06721
0.958504
1.055
0.955835
0.940046
0.984125
1.01093
1.07081
0.983973
0.968446
0.984258
0.969251
0.997465
1.04027
0.980564
0.970973
0.948772
0.996495
0.960974
1.02664
1.02403
1.02573
0.95855
0.946394
0.953192
1.04682
0.988358
0.991101
1.05115
0.937051
0.990959
1.00578
0.974388
0.987698
0.978875
0.944281
0.976807
1.02071
0.966377
1.04986
0.994976
1.02897
1.00192
1.01364
0.942958
0.996629
1.04614
0.985135
0.983693
1.01343
1.00034
0.955123
1.00155
1.01956
1.02011
1.02497
0.986926
1.00969
1.04634
1.00813
1.0233
0.980356
1.03209
1.05353
1.05604
0.938905
1.02244
0.994043
1.00787
1.04052
1.05404
1.01926
1.00315
0.988459
0.973174
1.03632
1.07779
0.987666
0.991425
0.960044
1.01022
0.997624
1.00141
0.958238
0.940028
0.973522
1.01855
1.02141
0.995556
1.03715
1.05941
0.97773
0.997592
1.04256
1.01253
0.991093
0.932725
1.00934
0.99785
1.0348
0.985653
1.01423
1.01496
1.04415
1.03066
1.01406
0.998716
1.03658
1.00002
0.982862
1.0443
0.981397
1.05796
1.02185
0.957719
0.96818
0.986993
1.02921
1.07241
1.0029
0.994834
1.02387
0.940943
1.05553
1.02916
1.02587
1.01959
1.01996
0.945783
1.03648
0.951174
1.02171
1.0583
0.971594
0.975916
1.04083
0.971721
0.98484
0.974995
0.922174
0.953923
0.96824
1.03247
0.991336
1.02196
1.00485
1.05044
0.995474
0.983449
1.0609
1.01401
0.992233
0.941805
0.988984
0.984924
0.917482
0.969072
1.03888
0.980039
1.03612
1.00211
1.00701
0.932062
0.973901
0.950293
1.02643
0.990754
1.05833
0.960317
0.96056
0.971483
0.972468
1.02257
0.953996
1.05326
1.01724
1.00551
1.01387
0.985872
1.04692
0.971588
0.990476
0.977241
0.998911
0.962026
1.04053
1.01501
0.950687
0.959421
1.03693
1.06345
1.00835
1.03153
1.03629
0.968163
1.0114
1.03859
0.979663
0.998049
1.06849
1.0068
0.984885
1.02424
0.923312
0.966474
1.00389
0.931561
0.995615
1.01365
1.01912
1.0406
1.02006
1.01054
0.945559
1.01082
1.02964
1.05106
0.951502
0.989259
1.01424
0.995817
1.03187
0.952684
0.936646
0.986938
0.977109
1.0276
0.989033
1.05422
0.991455
1.02635
0.989766
1.03397
1.01721
1.03657
1.00765
1.00344
1.02556
1.04799
1.02401
0.993317
0.967534
0.992145
0.96683
1.01272
1.04856
1.01104
0.98406
1.00608
0.994706
0.966921
1.00888
0.970324
1.0552
1.05248
0.995255
1.03336
0.971342
0.985932
1.00663
0.931182
0.967441
0.975773
1.00227
0.995007
0.960175
1.02758
1.03065
1.01164
1.01492
0.981972
0.982629
1.07409
1.00863
0.999101
0.971903
0.970491
0.999032
1.01778
1.03178
1.01691
0.921259
0.989875
1.0083
0.929327
0.982888
1.04424
0.99992
0.995801
0.984916
0.998477
1.05178
1.07798
1.04047
0.933758
0.978715
1.00296
0.980305
1.0055
0.901462
1.03718
0.97413
1.09431
0.987446
0.967434
1.04977
0.980256
1.05669
0.992341
0.966189
1.02095
0.992165
1.06312
1.04947
0.969854
0.938063
0.960972
1.02836
1.01919
0.998471
0.975153
0.993801
0.957531
0.979033
0.993485
1.02344
1.05342
1.03917
0.98162
0.977229
0.970545
0.988729
0.97725
1.02645
1.01627
1.02871
0.978732
1.03768
0.991967
0.97782
1.07594
1.08078
0.951785
0.982136
1.06137
0.9903
1.02587
1.01181
0.972052
0.974097
1.02244
0.973968
0.992258
0.977552
0.995921
1.02769
0.941546
1.04694
0.992067
1.01998
1.01409
1.02012
1.01765
1.01099
1.03325
0.96835
1.01056
1.03256
1.04362
0.943543
1.04437
1.02179
0.965081
1.03467
1.09708
0.985804
1.00158
0.996637
1.06352
1.00494
1.00487
1.02639
1.00073
0.997088
1.0117
0.979005
0.996152
1.01044
1.04232
0.928847
0.971938
0.992975
1.0789
0.998961
1.07533
1.00227
1.00882
0.926981
0.996191
1.01993
1.02341
1.03151
0.993221
1.02467
0.998404
1.00883
0.988919
0.986836
1.03864
0.9798
1.06102
1.07113
0.993854
0.968943
0.983369
0.95328
0.990611
1.01478
1.10253
0.954576
0.929843
1.0205
0.997995
0.970485
1.00283
1.07387
1.01132
1.03324
1.07419
1.04858
1.03699
1.02582
0.991141
0.941885
1.01042
0.98631
0.994342
0.998797
1.05119
0.996428
1.09152
1.04419
1.01681
0.993001
0.902329
1.00685
0.967342
0.950181
1.00723
1.04259
0.980447
1.04875
0.974166
0.987252
0.980906
1.001
1.04019
1.03966
1.03766
1.02805
1.03267
0.99828
0.9691
0.995363
1.02756
0.972355
1.03176
0.961968
1.02152
1.01374
1.03152
1.02548
1.02241
0.967102
1.03729
0.9713
1.02896
0.953728
0.962687
1.01255
1.03831
0.993933
0.967508
1.0437
0.926944
0.970825
0.991091
1.07189
0.956956
0.972744
1.0032
1.04094
0.969425
0.998832
0.994382
0.989841
0.962331
0.986633
0.980809
1.06735
1.02828
0.970448
1.00345
0.981701
1.00474
1.06568
0.973831
1.01957
1.02746
0.966124
0.994764
0.988852
0.994304
1.03874
0.979184
1.01305
0.999753
1.02776
1.02547
1.00299
0.99592
1.00152
1.01431
0.979128
1.00815
1.00172
1.03682
1.05534
1.01463
0.967597
1.06663
0.985205
0.990763
0.999241
0.995006
1.00482
0.973211
1.01003
0.999932
0.992821
0.991655
0.981765
1.01295
0.994772
0.960409
1.02859
0.965658
1.02619
0.993774
1.06893
0.956571
0.943456
0.995743
1.04149
0.966514
0.990867
1.00033
0.913467
0.956367
0.953902
1.0329
0.983708
1.06695
1.00414
1.03478
0.97034
0.982793
0.94256
1.03007
1.03478
1.03946
1.00037
0.999211
0.956472
0.986736
0.966775
1.0357
1.01626
0.947618
1.06095
1.00401
1.00094
1.04146
0.989998
0.988191
0.974218
1.04754
0.970357
1.01549
1.0294
0.96439
1.02128
1.01737
0.932592
1.01571
1.0275
0.958314
0.984521
0.995618
1.00551
0.990498
0.973299
1.00732
1.01543
0.956148
1.0194
0.943489
1.02294
1.0156
0.989716
1.01136
0.992923
0.93675
1.01606
1.09491
1.02683
1.00357
0.98135
0.951808
0.978653
0.995046
1.0703
1.01862
0.97233
0.980572
1.01425
1.0085
0.929021
0.965333
0.986029
0.994995
1.01387
1.02847
0.984564
1.04127
0.925151
1.00863
0.985674
0.968696
0.982086
0.974509
0.951148
0.994338
1.05948
1.02199
0.963899
1.05377
0.968775
0.993972
0.995462
0.951838
0.984182
1.02947
0.972343
1.05066
0.977911
1.03442
1.0514
1.00283
1.03239
0.957167
0.948462
0.934272
0.962836
0.985969
0.961013
0.976574
1.01967
1.00325
0.937599
0.946572
1.01351
1.01105
0.98045
1.00232
0.99515
0.994478
1.00853
1.02831
1.0488
1.02834
1.02207
0.922504
1.00652
1.02837
0.972072
1.02438
1.00414
1.06693
1.04909
1.05431
1.01442
0.983981
1.00863
0.998237
0.976038
1.01806
0.921273
0.939303
1.0039
0.946247
0.980635
0.995982
0.93327
0.92224
0.990507
1.01259
1.06356
1.00095
0.965895
1.02519
0.922025
0.953696
1.00504
0.995918
0.988746
0.974979
0.945808
0.994172
1.04038
0.980298
1.02491
1.02204
0.953561
0.955954
1.07721
1.01049
1.04595
1.0247
0.928418
1.01226
0.95752
1.02574
1.01738
1.00193
1.04785
0.99711
1.00865
0.90912
1.00321
0.975988
0.982005
0.960867
1.00995
0.96477
1.00817
0.975382
1.0176
0.980025
1.01715
0.983545
0.994441
0.982723
1.00418
1.01029
0.971716
1.03001
0.960966
0.937925
0.976146
1.00561
0.935656
0.968912
1.01112
1.02027
1.0054
0.988062
1.03672
0.990636
0.949851
0.968965
0.916369
0.980558
0.98606
1.06471
1.03103
1.02362
1.01488
0.988191
1.03782
1.04759
0.961386
0.966153
0.950127
0.969532
1.00362
0.994978
0.952051
1.0087
1.00048
0.924063
0.999304
1.01013
1.02018
1.0087
0.948028
0.980085
0.982428
1.05369
0.897051
1.03349
1.03619
0.968027
1.02181
1.02448
0.944242
0.976361
1.00914
1.0641
1.00714
1.00057
1.02173
0.981993
1.01239
0.968235
1.03045
0.969947
1.00615
0.923542
1.08614
1.07677
1.00523
0.966183
0.99271
1.00567
0.978626
0.997999
1.0152
1.00451
1.01092
0.947946
0.975277
0.909675
0.914599
1.08683
1.00912
1.09116
0.989417
0.977521
0.953592
1.02099
0.971259
1.04752
1.0211
1.0174
1.00734
0.979187
0.966325
0.964824
0.942301
0.988094
1.00025
1.05202
1.0053
0.977829
0.972169
0.934924
1.00763
1.01445
0.99007
1.06163
1.01223
0.989118
1.01584
0.971167
0.972687
0.974838
0.930008
1.03157
1.03503
0.98265
1.01182
1.02826
1.04047
1.04058
1.05504
1.03219
0.946048
1.04365
0.993189
0.988855
1.0178
1.04075
1.00238
1.06148
0.98674
0.968104
0.899118
0.949921
1.03576
0.972709
1.02077
1.03558
0.937569
0.997171
0.985131
0.945399
0.928824
0.927261
0.993285
0.97908
1.01871
1.04853
1.00864
1.00308
0.963564
0.990528
1.00683
0.914249
1.01174
1.01135
0.997231
0.995293
1.02589
0.967648
0.969424
1.00724
1.00554
0.966284
1.00995
1.00989
1.00508
0.998993
1.03395
1.05438
0.985952
0.925919
0.970916
0.967195
0.985042
1.01775
0.981229
0.994044
1.01057
0.987582
1.06087
1.02684
0.9513
0.972045
1.00379
1.03762
1.08701
1.04126
1.05091
1.02617
1.00713
0.989098
1.01451
0.999366
1.07385
1.06583
1.0057
1.00663
0.970266
0.928207
1.03043
0.946793
1.0402
0.955333
1.02702
0.928502
1.02856
1.00696
0.99436
1.00051
1.02944
1.00391
1.03202
0.984827
0.970763
1.06283
1.04049
0.996184
0.978542
0.90299
1.02447
0.947689
1.05543
1.01698
1.00146
1.03212
1.07092
0.975122
0.973165
0.965719
1.03938
1.00045
1.03802
1.01633
0.961399
0.989226
0.979487
0.945888
0.99894
1.04836
1.12273
1.05977
1.02733
0.977206
0.994288
1.01203
0.999689
1.00959
0.964215
0.985958
1.02058
1.01882
1.06855
0.973167
1.04358
0.983887
1.00824
1.01836
1.02425
1.0198
0.997172
0.981724
0.91583
0.98541
0.995298
0.95529
1.06181
0.977658
1.0572
0.973223
0.962678
1.01712
1.04604
1.01013
0.946351
0.999305
1.00675
0.971084
0.987879
0.960067
0.997136
0.95702
1.01073
1.00725
0.974713
1.01228
1.024
0.971657
0.983674
0.949373
0.959554
0.94175
1.04018
0.975831
0.980301
1.01189
0.977068
0.97217
0.916565
1.06406
1.00737
0.97858
0.97456
0.99953
0.976088
1.05479
1.01234
0.998628
1.01161
0.912802
0.962793
1.02192
1.04485
1.02866
0.98991
0.984188
0.989254
0.985896
1.07264
1.02943
0.990351
1.00585
1.05191
0.959174
0.996396
0.949173
1.02521
0.986424
0.960618
1.03985
0.964518
0.986023
0.987923
1.02883
1.05972
0.957795
0.96111
1.00557
1.02617
0.964742
1.01794
0.930654
1.01095
1.00473
0.997622
1.01633
1.01558
1.01937
0.994446
0.989774
0.978059
1.00995
1.0139
1.00014
1.01153
0.942623
1.02519
0.983979
1.0081
1.08305
1.00312
1.06065
1.05305
0.939384
0.968268
1.00541
0.996844
1.00958
0.994502
1.02208
0.937349
1.00281
1.03714
0.955881
1.01978
0.978099
1.02233
1.02413
1.03165
0.993498
0.976685
0.996433
0.979004
1.01126
1.00398
1.00995
1.00863
1.05158
0.999175
0.958053
0.984298
0.982902
1.0399
0.989092
1.06906
1.03152
0.983395
0.978495
1.04112
1.00079
0.989925
0.996768
0.987181
1.06652
0.939972
0.984271
1.02918
0.986681
1.04827
0.985285
1.0284
1.00011
1.03268
0.992771
0.989649
1.01037
0.977353
1.00871
1.01322
1.03999
0.970043
0.961996
1.05012
1.03081
1.04235
0.979988
0.992575
0.965173
1.01814
0.963757
0.972571
0.944157
1.0567
0.968786
1.00017
1.02195
1.06002
1.00146
1.06603
1.01911
0.976479
1.03752
1.00043
0.985067
0.963137
0.936378
1.01222
0.969336
1.07594
0.956539
0.97074
0.954765
0.987719
0.950058
1.06487
1.00439
1.03893
1.00143
1.03871
0.996879
1.03071
1.01926
0.971506
0.973179
0.891683
0.99123
1.00791
1.02681
0.971119
1.07029
0.976146
1.01534
1.01605
0.975812
0.970601
1.02501
0.972579
0.998729
1.04367
0.990903
1.0203
0.958453
0.933672
1.01163
0.981636
0.992737
0.971106
1.00747
0.970976
1.00906
0.998031
0.97095
0.994356
1.02467
0.964179
1.08451
0.93955
0.971242
0.944293
0.937026
0.983079
0.968167
0.998623
1.05147
1.00616
1.07653
1.09476
1.03222
0.99946
0.97576
1.03907
1.02088
0.997434
0.983089
1.02045
0.911648
1.02882
1.0366
0.99768
0.982097
0.964216
0.949256
1.001
1.01235
1.08025
1.05228
0.960812
1.02482
0.992884
0.982856
0.999035
1.01937
0.98726
0.986575
1.04059
0.999822
1.00431
1.01293
0.980833
1.03345
0.980199
1.03164
1.00465
0.990064
1.04792
0.988955
1.05942
1.03371
1.05187
1.03928
1.03209
1.01537
1.04372
0.994054
0.974271
1.01149
0.976196
0.961871
0.987065
0.983116
1.05983
1.03531
1.03445
0.98125
1.03582
0.981971
1.01205
0.997814
1.01041
1.02525
0.994371
1.04278
1.01451
0.959621
0.9916
1.03523
1.02103
1.02232
0.991993
1.05533
0.978914
1.01519
0.980862
1.02571
0.990215
0.974879
0.993535
0.968199
1.00724
1.01985
1.02965
0.982019
1.01129
0.977501
0.943328
0.953904
1.00144
1.02989
1.00057
0.991544
0.96455
1.03577
0.981757
1.01923
1.04086
1.01297
1.01284
1.06314
0.973474
1.00411
0.967475
0.996773
1.01054
1.02888
1.03818
0.972269
1.01459
0.963345
1.01439
1.00209
1.04938
1.00618
0.96296
1.04105
1.00573
1.03923
1.07542
1.05253
1.00246
0.946165
0.976158
0.995688
0.984989
1.01565
1.01244
0.970763
1.00283
1.03203
1.01664
0.929118
0.997102
0.992531
0.98185
0.957113
0.976626
0.972713
0.98956
0.993589
0.95004
0.977503
0.996552
0.96437
0.997793
0.993861
1.02645
0.984612
1.02197
1.07336
1.00876
0.966186
0.960197
0.997472
0.999065
1.00882
0.935835
0.982624
0.996548
1.02005
1.04548
1.08501
0.999052
1.04941
1.01066
0.96122
1.00861
1.06693
1.01213
0.981284
0.984248
0.965373
1.02122
1.0029
0.983632
0.971865
1.04254
1.03839
1.00674
1.05213
1.02667
0.97937
0.989528
0.96084
1.10307
0.998596
1.05688
0.938955
1.07799
1.01182
1.022
1.02054
1.07932
0.974799
1.06485
0.998036
0.995687
0.98014
1.03577
0.967064
0.997428
1.00013
0.940576
0.983466
1.02874
0.991995
0.978715
0.937911
0.989311
1.02107
0.946279
1.06433
0.975807
1.06434
1.01076
1.01129
0.997719
1.00423
1.03617
0.94821
0.893911
0.968216
1.00082
1.04235
1.05251
1.06432
1.04663
0.964228
1.00952
1.01707
1.01426
1.02418
1.02241
1.0348
1.02239
0.970816
0.987144
1.06823
1.01367
1.0106
1.07089
1.01282
0.98278
0.983064
1.02291
0.99589
1.03676
0.995993
0.994883
1.00835
1.00398
0.964881
0.986555
1.00784
1.00901
1.01161
0.988705
0.991182
0.98925
1.02158
0.952446
0.978547
0.995526
0.983768
0.982085
1.04438
0.967952
0.994394
0.957596
1.03999
0.962653
1.0335
1.0146
1.02941
0.950536
0.972291
0.993753
0.948612
1.02212
0.960232
0.920766
1.02331
1.00912
1.00107
0.999362
0.957631
0.995899
0.995394
1.04703
1.03106
0.961158
1.04964
0.988543
1.03779
0.962051
1.02113
1.04146
1.00784
1.05641
1.05926
0.989521
0.965237
1.03509
0.995462
0.951338
1.04468
1.07757
0.948613
1.03263
1.00117
1.01482
1.03132
1.07849
1.02919
1.02275
1.02058
0.981496
1.01368
0.992292
0.9651
1.00314
1.00981
1.04274
0.979758
1.0269
1.02894
1.04305
0.924088
1.02337
0.953836
0.996588
0.961731
1.04716
0.998783
1.01872
1.01178
0.984513
1.00445
1.02201
0.969436
1.03208
0.971713
0.978448
0.950262
1.01135
1.04456
1.00878
1.07054
1.0225
1.05291
1.025
1.00895
1.05102
0.989111
1.05935
0.976558
1.01407
1.0795
0.971897
0.947779
1.01451
1.01677
0.993813
1.05437
1.016
1.01062
0.981863
1.01786
0.995971
1.00587
1.00553
1.03154
0.966367
1.01822
1.01221
1.01853
1.0631
0.972144
0.989991
0.978945
1.0319
1.06374
1.00975
0.977687
1.01123
0.976606
0.984848
1.02593
0.987712
0.989338
0.999126
0.989488
0.956975
0.972818
1.02202
1.01989
0.985468
1.0257
1.01371
0.973301
1.04723
1.00499
1.06871
0.996746
0.976786
1.01446
0.996663
0.997076
1.00879
0.96813
1.02317
1.01919
1.06846
0.974045
1.02125
0.974427
0.9442
0.993471
0.979474
1.02205
1.07473
1.01671
1.05488
0.917997
1.01478
1.02638
0.907285
1.05221
1.02472
0.961031
0.93541
1.05217
0.956167
0.981904
0.946443
1.01381
0.99169
1.00666
1.08573
1.0533
0.992379
1.0115
0.995535
1.00728
1.0063
0.982969
1.0094
0.993776
1.0385
1.0426
1.02791
0.971792
0.98909
0.964948
1.02224
0.965779
1.00536
1.05029
1.00737
0.990021
1.02317
1.04411
0.989906
0.990078
0.967871
1.03209
0.998349
0.951865
1.00302
0.946847
0.974429
0.966769
1.02944
1.00472
1.02766
0.960886
0.951911
1.04124
1.02085
1.00801
1.00097
1.03632
0.993966
1.03527
0.972591
1.03374
0.968146
1.01645
0.932118
0.957349
0.960008
1.04442
1.02716
0.996955
0.99969
1.02086
1.00399
1.01906
1.00966
1.03427
0.994005
0.943234
0.952381
0.987756
1.05024
0.953839
1.04364
1.02877
0.992403
1.00579
0.994266
1.05709
1.03624
1.00095
0.985013
1.03636
1.07643
0.951832
1.00324
0.98345
0.993941
1.04286
0.983934
0.98036
1.04511
0.960448
1.00137
1.0786
0.94459
0.988732
0.977648
1.03179
0.932685
1.00653
1.03015
0.979386
0.955219
0.976691
0.97955
0.985568
1.0147
0.988172
1.00082
1.03833
0.953593
1.02836
0.988979
1.04778
1.04487
1.03127
1.03004
1.0088
0.966349
1.10942
0.952269
0.979589
0.95745
1.06437
0.949191
0.973605
1.00976
1.0533
0.946752
1.03617
0.977845
1.02262
1.01859
0.958407
0.995704
1.0713
0.995975
0.983918
0.922665
0.931645
0.993095
0.927745
0.990491
1.00918
1.01449
1.0765
0.962193
1.0022
0.968137
1.00031
0.998247
1.07171
0.921483
1.02228
0.968498
0.977199
1.01159
0.989712
0.967192
1.00875
1.01548
1.00681
1.03824
0.992978
0.997603
1.01852
0.9836
0.977206
1.04577
0.992438
0.981865
0.98617
1.0263
1.00849
0.943718
0.994644
1.03815
1.02074
1.0292
0.971306
0.953717
0.951125
0.963824
1.00765
0.990373
1.06269
0.995835
1.00544
0.991309
1.00868
1.01462
1.08812
1.01849
0.955532
1.01073
0.975186
1.04502
0.975498
1.00998
0.960142
1.01248
0.994945
1.06773
0.965453
1.00614
1.00292
0.998715
1.00637
0.991084
0.984774
1.03257
1.00114
0.99222
0.968382
0.992305
1.00207
0.989598
0.965094
1.02504
1.08055
0.992328
1.03515
0.984183
1.02106
0.995486
0.975241
1.05272
0.949579
0.981389
1.01456
0.943051
1.02781
0.989178
0.99613
0.961504
0.95899
0.976805
0.984108
1.0155
1.00785
0.981283
1.04192
1.02589
1.02034
1.06564
0.975391
1.00016
1.0321
1.00398
1.032
0.970406
1.03212
1.03
0.99273
0.978904
1.02462
0.99941
0.972212
1.02894
0.99207
0.999239
1.02794
0.992181
1.03478
1.02183
1.0564
0.992195
0.943053
0.929848
0.968116
0.993087
1.00048
0.995384
0.945914
0.992114
1.00106
1.00092
0.99735
1.03888
1.00301
1.05328
1.06071
0.978191
0.946661
1.01055
0.968826
0.986433
1.02969
0.947805
0.998079
0.934185
1.02357
0.935996
1.03176
0.986347
1.01326
0.998225
1.01764
1.00535
0.988297
0.903069
1.00788
0.978014
0.99515
0.996187
0.995822
0.982579
0.979709
1.06239
0.990421
0.992191
0.956681
0.988391
0.953789
0.998835
0.978189
0.977919
0.919692
1.00632
0.99183
0.942105
1.06343
1.02006
0.99371
0.924
1.00539
0.98408
0.974076
0.943457
0.97228
0.974649
1.06698
1.0252
1.00196
0.987466
0.984724
1.04973
0.972781
1.06847
1.00278
0.960874
0.98745
0.979186
0.917116
0.927931
0.984124
0.988631
0.956545
1.02273
0.997138
1.03695
0.940238
1.01528
1.0104
0.984253
1.01712
0.981766
1.04408
1.03508
0.997407
0.979119
0.945049
0.949237
1.01197
1.01231
1.0283
1.02691
1.03615
0.973252
0.956809
1.02229
1.02994
0.993076
0.983924
1.03191
1.05017
1.01847
1.01124
1.02955
1.05445
1.05736
0.946791
0.965429
0.968945
0.988793
0.97929
1.0066
1.01109
1.00833
0.978773
0.994561
1.03829
1.06871
0.998755
1.0524
1.06664
0.977674
1.02159
1.04676
0.942117
0.926496
0.942997
1.01374
1.02171
0.989503
0.991942
0.9622
1.02748
0.962183
0.993405
1.03962
0.962686
0.963733
1.02012
1.01329
0.97902
1.00695
1.00504
0.965199
0.950885
0.993747
0.978824
0.998387
0.942851
1.04675
1.02148
1.04882
1.01513
0.985447
1.06782
0.997257
1.01428
1.06483
1.00797
1.03327
0.985484
0.948006
1.04168
1.04795
1.02865
1.02834
1.08277
0.965605
0.965986
1.00319
0.95345
0.971948
1.04517
0.983417
1.0193
0.991029
0.91575
0.978588
0.959321
1.00291
0.998253
0.959259
0.971268
0.99784
0.996719
0.943935
0.967376
1.01055
1.00813
1.0041
0.952042
1.03501
1.03701
1.01877
1.01175
1.00917
1.04616
1.00932
0.975646
1.04008
0.959285
1.05392
0.941735
0.989257
0.991481
0.98271
1.02183
1.06365
1.00779
1.00843
1.0202
1.06705
1.02329
0.965886
0.986975
1.01417
1.01461
0.947572
0.941532
1.00321
0.960972
1.00702
0.976411
0.949478
1.02243
1.01826
1.01693
1.02508
0.982682
1.04266
1.01959
0.963013
0.989047
0.98623
0.974784
1.07437
0.993346
1.024
0.934936
0.959288
1.01791
1.03983
0.989079
0.995859
0.927794
1.01993
1.00271
0.965426
0.992756
1.03079
1.03744
0.949234
0.986391
0.99476
0.970096
0.932511
1.01645
0.954674
0.978856
0.987585
0.974563
0.966142
1.03768
0.981089
1.08005
0.930868
0.91134
0.955278
0.969121
1.01386
1.00378
0.989989
1.00311
0.987792
1.01167
1.0497
1.06949
0.958387
0.984278
0.954311
1.00804
1.0479
1.04105
1.01484
0.97898
1.01427
1.03775
1.05781
1.01603
0.960783
1.02368
1.04961
1.01565
0.978704
0.961808
0.957779
0.955706
0.967341
1.00016
0.998788
0.988496
1.02547
0.993297
1.00252
1.01514
0.985883
0.991642
0.978455
0.933828
1.01048
1.00897
1.04343
1.00173
0.98015
0.988581
1.00265
1.00393
1.01196
0.988516
1.01322
1.01758
1.02402
0.980045
0.99113
1.04247
1.02
0.973242
0.950511
1.03088
1.00269
1.00037
1.00633
0.976432
1.01984
1.007
1.07911
0.955055
1.04246
1.07044
0.969724
0.994635
0.995762
0.999655
0.985508
1.01619
0.92399
1.03747
1.0198
1.00142
0.984562
1.02895
0.980171
0.997685
1.03352
0.975421
1.01844
1.00735
1.02913
1.02138
1.10546
1.04061
0.994142
1.0359
1.0161
0.976469
0.995965
0.977041
1.02035
0.978473
1.09038
0.97193
0.953924
0.977105
0.955689
1.04891
1.00239
0.991793
1.02102
1.01753
0.987923
1.01296
1.01399
0.946188
0.997941
1.05194
0.974337
1.02552
0.975598
0.949702
1.04199
1.00395
1.04863
0.976837
1.02762
0.996889
0.982508
0.98639
0.976737
0.997319
1.03845
0.980148
1.01294
0.994281
1.03029
1.03711
0.978393
0.938146
1.01026
1.04866
1.07906
1.00384
0.961186
0.976423
1.04217
1.06649
1.01509
0.962694
0.977018
1.00519
1.05044
1.00389
1.03247
1.04275
1.01521
1.0023
0.985071
0.983266
1.0425
1.00957
1.01354
0.971483
0.936219
0.999235
1.05152
0.938571
1.00676
0.996095
1.02724
1.03119
0.959339
0.970386
0.962283
0.976552
0.986085
1.00282
0.925404
1.00596
1.02564
0.971607
0.966611
1.08148
0.99793
0.947934
1.03982
1.04907
1.00645
0.991724
0.976505
1.00528
0.930894
1.00312
0.995922
1.02618
0.950368
0.97576
1.06236
1.00657
0.93988
1.02969
1.02601
0.986143
1.01164
0.993681
0.983393
1.00681
1.04474
0.980598
1.01634
1.0183
0.955248
0.992276
0.957424
0.969573
0.97447
1.05925
1.02423
1.03223
0.970939
0.979657
1.01871
0.97336
1.01138
0.949598
1.01183
0.991922
1.01057
0.944236
1.01709
1.03659
0.964021
1.03899
1.06128
0.944547
1.00967
1.02514
0.997381
1.02131
0.963557
1.0252
1.0129
1.00995
0.972674
1.05781
1.00268
0.965594
0.911735
0.965673
0.978356
0.998576
1.04513
0.998673
1.01107
0.985799
0.989802
0.974722
1.04305
0.941358
0.978562
1.04268
1.04287
0.982993
0.94893
0.997788
1.0034
0.976597
1.07334
0.976179
1.00518
1.01586
0.989119
1.03295
0.996431
1.05711
1.06125
0.977715
1.05118
0.998696
0.985513
0.970064
1.00616
1.00087
0.936894
0.955662
1.05092
1.04517
1.00906
0.995437
0.97626
0.915819
1.02768
0.954057
1.06765
0.994732
1.00316
1.03545
0.976132
0.993745
0.993975
1.00295
1.00571
0.926171
0.99093
0.996081
1.07206
0.954232
0.946464
0.993898
0.988773
1.01708
0.95367
0.970192
0.978842
1.04433
0.989649
0.988788
1.01427
1.0194
1.00737
0.937746
1.08052
0.987609
1.0241
1.01332
0.955746
1.00356
0.987156
1.03653
1.03345
0.94543
0.924616
1.00319
0.972133
1.04541
1.03379
0.998634
1.00311
1.01969
1.04766
0.897787
1.0114
0.994669
1.01667
0.99598
0.972744
0.914089
0.974973
1.05338
1.01736
1.02859
1.00528
1.02219
1.00111
1.03409
1.02261
0.988513
1.03145
0.975066
0.938073
0.958309
0.991215
0.995094
1.00593
1.00011
0.948769
1.02111
0.98415
0.973642
0.967631
0.979853
0.938154
0.983222
0.966082
1.00204
1.00855
1.03503
0.968445
1.01713
0.988573
1.0265
0.932179
0.981551
1.01445
0.99498
1.00402
0.964671
0.992958
0.998548
1.00943
0.987617
1.03792
1.01658
0.997587
1.01567
1.03787
0.934093
0.959787
0.907858
1.02051
1.08136
0.982682
0.962641
1.02048
1.01884
1.0086
1.03638
1.01604
1.06606
1.00692
0.978978
1.01684
1.01395
0.998309
1.00531
0.973833
0.979963
1.01447
0.995139
1.03247
0.998055
1.00989
0.992185
1.03274
0.962905
1.02177
1.00182
1.03418
0.988567
0.978031
1.01096
1.00765
0.929185
0.965844
0.953215
1.01941
0.985951
1.00324
0.972768
0.958747
1.01602
0.985395
0.970686
0.99839
0.995243
1.0333
1.02815
0.976712
1.02157
0.988135
0.974314
0.980109
0.932677
1.03859
1.07982
1.01832
0.962034
1.02423
0.989886
1.07337
1.00043
1.07344
0.949116
1.01536
1.01388
1.05262
0.969625
0.988835
1.03545
1.02675
0.986044
0.98416
1.02189
0.916759
0.966395
1.00942
1.00635
1.04338
0.993704
1.00368
1.04211
0.969608
1.02839
1.02418
0.985038
1.0151
0.951761
0.999062
1.07838
0.957152
0.96354
1.00504
0.983519
0.951723
1.01722
0.988777
1.01114
0.948821
0.969071
1.02836
1.03817
0.987543
0.999023
1.06413
1.08122
0.925625
0.960349
0.985426
0.995812
0.977448
0.952035
0.995996
1.00692
1.04378
1.01407
1.02556
1.01711
0.983721
0.946177
1.00682
1.06642
1.01282
0.993528
1.02805
0.985746
1.00347
1.05886
0.999889
1.02385
1.01159
0.961975
0.971018
0.977108
1.01288
0.974553
0.975454
1.02975
0.959754
0.983872
1.02236
0.937386
0.993784
1.00741
0.958543
0.9856
0.983276
0.921157
1.0078
1.04983
1.02814
0.988974
0.996241
0.928859
0.963586
1.06876
0.972045
1.01229
1.06994
1.03464
0.947683
1.03112
0.968467
0.947939
1.05171
0.954301
1.04795
0.999236
0.947641
1.04031
1.00109
1.03706
1.03895
1.05296
1.02509
1.01919
0.976743
0.965638
1.01618
1.00821
0.971587
0.98548
1.02214
0.95716
1.05962
0.998306
1.03263
1.01375
0.984959
0.982755
0.951915
0.984594
0.983498
1.02248
0.969633
0.973375
0.997162
0.966623
0.951398
0.992211
0.974317
0.965532
0.935395
1.00738
1.02365
0.990177
1.02951
1.06142
0.99775
1.01979
1.01604
0.952563
0.928937
1.0475
0.994954
1.01968
0.976085
0.991777
0.960687
1.01908
1.06187
1.0799
0.974965
1.05898
0.982919
0.99863
0.954865
1.00999
1.01104
0.9996
0.960085
0.969428
0.969877
0.981842
0.986679
0.993491
1.04852
1.03613
1.05557
1.0041
0.992886
1.02489
0.955232
0.949653
0.973749
1.00329
1.01546
1.06832
1.00098
1.02134
1.00395
0.996752
1.01179
0.963271
1.09168
1.05662
1.06188
1.06747
0.993944
0.968035
0.997843
0.975429
0.919067
0.967955
0.985248
1.01353
0.95407
1.03853
0.953518
0.948674
1.04087
1.01295
1.00156
1.05334
0.969969
0.965751
1.00162
0.956235
1.03278
0.996753
0.982368
0.989348
1.00145
0.977435
0.990421
0.963543
0.986953
0.976868
0.944849
1.0622
1.01366
0.997314
1.0073
0.97327
1.00878
1.02212
1.00472
1.01248
1.00261
1.01892
0.9819
1.00705
0.961183
1.03543
0.979985
1.0271
1.01403
1.04199
1.05098
1.04859
1.031
1.01177
1.04807
1.04132
1.00534
1.02066
1.00177
0.9945
1.04129
0.963569
1.07224
0.981152
0.9598
1.02906
1.01114
0.95298
0.876062
0.9425
1.01527
1.04494
1.03106
0.977129
0.931705
1.00232
0.989237
0.950633
1.00423
0.984562
1.05772
0.984587
0.944679
0.976216
1.02035
0.957445
0.968542
1.04337
0.990422
1.01027
1.00853
0.971163
0.993928
0.965172
1.04281
1.00918
0.961809
0.944436
1.05536
1.0005
1.06126
0.983244
0.967053
0.984167
1.01652
0.994702
1.0009
0.98548
0.987812
1.001
0.998988
1.04727
1.04088
0.951151
0.921571
1.05144
0.995407
0.981317
1.04602
1.0631
1.00175
1.05702
0.980394
0.962021
0.994148
1.00743
0.990755
1.01785
0.980508
1.0139
0.956345
0.955921
1.01291
0.974168
0.948207
0.960722
0.997313
0.983946
0.951783
0.997724
0.957991
0.943094
0.953771
0.966582
0.97054
1.04976
0.998564
1.0041
0.973547
0.999983
0.951738
1.01295
0.977475
0.996748
0.938667
1.03382
0.960743
1.00112
0.980096
1.03247
1.02488
0.959049
0.968409
1.00718
0.981328
1.01878
0.987895
0.976863
0.990749
0.948151
1.00946
0.949063
1.0122
0.950615
0.979179
0.997906
0.953418
1.08477
0.990523
1.01828
0.947052
1.0263
0.980284
1.02621
1.02391
1.04475
0.965672
0.973841
1.07173
1.00829
0.993483
1.03286
1.02588
0.959579
0.976088
1.00401
0.958723
1.03756
1.00916
0.992275
0.995039
0.98532
0.940531
0.959572
1.01355
0.911945
0.99385
0.908325
1.01603
0.984298
0.955223
0.976312
0.977039
0.978235
1.00144
0.929941
1.02262
0.968731
0.956392
1.04353
1.02341
0.943508
1.05012
1.0211
0.977066
0.971332
1.00909
0.988318
1.04702
0.972009
0.979
0.970296
1.05778
1.03408
0.978729
0.940252
0.928221
0.991788
0.99701
0.984205
1.01902
0.988011
0.965812
0.995071
0.978541
1.05102
0.986994
0.971553
1.012
0.979912
0.95231
0.974738
1.02302
1.04142
1.03535
1.08763
1.03102
1.00617
1.02562
0.952205
1.06894
0.999565
0.960555
1.02427
0.927295
1.00981
0.963208
1.00267
1.05488
0.989161
0.952593
0.93872
1.01114
1.03288
1.03556
0.988563
0.92091
0.962039
1.00835
0.978483
1.04118
1.023
0.917468
0.949388
0.954442
1.01404
1.06449
1.0117
0.970215
0.963404
0.991422
0.998993
0.983891
0.991693
0.96313
0.942713
1.01446
1.04787
0.999304
1.0184
1.01402
1.03344
1.00159
1.0431
0.991887
0.932251
1.01305
0.940318
0.977502
1.03385
1.03393
0.979691
1.03849
0.975369
1.01349
1.02834
0.987131
1.01029
1.05702
1.02179
0.95781
0.9646
0.959059
0.916686
0.962298
1.00143
0.907148
0.989309
1.0521
0.980734
0.971771
1.05908
0.982683
1.02344
1.07574
1.00488
0.997496
0.955786
0.931864
0.952842
0.935637
0.968708
0.988099
1.05579
1.04467
1.02036
0.997575
1.03795
0.93511
0.972121
0.989007
1.01499
0.944228
1.03811
0.953048
0.977714
0.950011
0.973918
0.99186
1.01577
0.966418
1.01746
1.0145
1.05913
0.948508
1.01891
0.979674
0.942037
0.991138
1.01406
0.976693
0.978144
0.989255
0.9809
0.980299
1.02618
0.918687
1.02717
1.02966
1.01669
1.01034
1.03404
0.976281
0.974085
1.04062
1.01666
1.01193
1.01511
1.03269
0.957747
1.03768
1.03767
1.02859
0.972076
1.01856
0.941304
0.987911
0.928344
0.970195
1.03779
0.996567
1.05104
0.97766
0.983409
1.04553
1.01324
0.99352
1.06872
0.956091
0.989222
0.998713
0.986507
0.988848
1.0327
1.04264
1.00207
0.94476
1.00239
0.968324
1.04467
1.01575
0.933191
0.986008
0.965551
1.00282
0.996955
1.01748
0.996413
1.00655
0.974692
1.02182
1.05301
0.996973
1.01934
1.03477
1.02263
0.979138
0.933676
0.936547
1.03624
1.02294
1.01325
0.983739
0.994199
0.974477
1.0513
1.00881
1.09402
1.05996
0.955676
0.985923
1.02426
1.00849
1.08429
1.02173
0.976092
0.976902
1.02204
0.982183
1.01623
1.01832
1.01912
0.910807
1.00139
1.02851
0.981162
0.979186
0.970145
1.00689
0.980738
1.02705
0.959109
0.986787
1.00518
0.945716
1.02164
0.990248
0.986443
1.03091
0.925971
1.03433
1.04884
1.02611
1.03781
1.03737
0.949491
1.01446
1.00438
1.04413
1.0361
1.02027
0.995604
0.99759
1.04735
1.02683
1.02396
1.02431
1.01658
0.985563
0.996285
1.0255
0.978118
1.01192
0.943656
1.01042
0.976106
1.02042
0.959599
0.97494
0.961898
0.945999
0.956518
1.01936
0.992802
0.936406
0.960389
0.996071
1.06411
1.03019
0.977816
0.968349
0.98414
1.01237
0.955124
0.98357
0.948612
0.955726
0.992576
0.976363
1.01428
0.979325
1.04588
0.973571
1.01105
1.02804
1.08325
1.03007
0.961795
0.990995
0.986966
0.984985
1.06527
0.979336
0.959423
0.994364
1.01974
0.989741
0.940397
0.968042
0.97968
1.03689
1.00414
1.03842
1.06799
0.935985
0.962602
0.975956
1.00996
0.982478
1.02019
0.991054
1.01135
0.981751
0.97357
1.01666
1.00421
1.00407
0.962443
0.986894
1.00638
0.973835
1.08903
0.972258
1.02456
0.966792
0.94993
1.01106
1.00397
0.99994
1.0661
1.0163
0.974213
0.97585
0.992977
1.02434
0.983076
1.02292
1.0168
0.951462
1.02411
1.03326
0.962237
0.952036
1.06434
0.978847
1.05892
0.989712
1.00159
0.978321
0.972488
0.975867
0.978444
1.01769
1.03653
0.977447
0.990965
0.979709
0.983451
0.937608
1.04748
1.04855
1.00257
1.01964
1.00819
1.04466
0.990248
1.01594
0.962693
0.992148
1.03461
0.968416
0.980908
1.05409
1.01455
1.02204
1.03286
1.01236
1.03387
1.00898
1.02653
1.06233
1.00263
1.018
0.999137
0.993727
1.01782
0.954854
0.937685
1.00901
0.941679
0.938679
1.02802
0.96695
0.996377
1.00472
1.05708
0.967322
0.975299
0.981024
1.00068
0.95271
1.00941
1.02479
1.0469
0.977115
0.977749
0.975708
0.969932
0.962055
1.05482
0.935733
0.980535
1.03301
1.00508
1.02599
1.01251
1.0018
1.01312
0.991254
0.948365
0.953323
1.02364
1.03197
1.04533
0.979808
0.980829
1.00309
0.957347
1.04047
0.908076
0.902554
1.04398
1.06344
1.02291
1.02425
1.0183
1.03967
1.02348
1.02229
0.986154
1.0774
0.982424
1.02787
0.918648
0.922073
1.02232
0.981251
0.934122
0.967116
0.956835
1.03579
0.996302
0.970371
0.993176
1.00622
0.994909
0.994226
0.993635
0.946516
0.958295
0.952238
0.990213
1.00198
0.935382
0.990184
0.974792
0.962745
1.00478
0.986523
0.959728
0.998514
0.943496
0.955746
1.06393
0.991327
0.977465
1.02147
1.00117
0.942391
1.03652
0.947388
1.03616
1.05836
1.01442
0.976929
0.920715
1.02396
0.949558
0.998659
1.01019
0.979566
0.962725
0.981569
0.976466
1.04024
0.970634
0.993014
1.04459
1.02955
0.981248
0.953617
0.918555
1.03181
0.980729
0.964273
0.969444
1.03463
0.979091
1.03311
0.991106
1.01761
1.03674
1.00293
0.969954
1.01004
1.00093
0.965207
1.01037
0.968369
1.00057
0.980011
0.986838
1.05268
1.01414
0.981023
0.978298
0.971036
0.998426
1.00665
1.0286
0.9358
1.01436
1.01931
0.987575
1.00151
0.955002
0.989147
1.09311
1.03699
1.04271
0.95015
0.971089
1.07943
1.04104
1.01897
1.08815
1.05902
0.966059
1.05208
1.00039
1.0053
1.02498
1.04352
0.98963
0.996914
0.955089
0.952432
0.930413
1.0011
0.947725
0.968606
1.01463
1.03222
1.08668
0.971191
1.04179
1.00745
1.03342
0.98213
1.02242
0.96644
1.01928
0.999498
0.970733
1.01687
0.964838
0.96688
1.04307
1.01949
1.02956
0.985238
1.05456
1.06499
0.93802
0.949579
0.998842
1.05181
1.00937
0.991046
0.939521
0.990442
1.03588
0.981756
0.997979
1.02382
1.02852
0.981407
0.987492
1.01753
0.991263
1.05029
1.03138
1.04828
0.993165
0.969603
0.97662
1.01984
0.942145
1.00978
1.04545
0.961133
0.970229
0.9383
0.98078
1.01257
1.06719
0.979132
0.973563
1.01773
0.97964
1.0385
1.01067
0.975292
0.947927
0.944126
0.993169
1.09743
1.01993
0.966478
1.05319
1.09046
0.971351
0.971871
0.981773
1.00244
1.03105
1.01519
1.01451
1.03087
1.0133
1.06972
0.984521
0.979797
1.05533
1.01812
0.954565
0.963011
0.930545
0.949572
0.95402
0.975997
0.943131
0.954185
1.02905
0.969734
1.03753
0.969037
1.02264
0.961149
0.966801
0.998795
0.946046
1.02258
1.03919
1.01279
1.01255
1.03054
0.992773
1.01746
0.941522
1.03473
0.993787
1.02024
1.01301
1.03184
0.994837
1.01603
0.901839
0.999165
0.990944
0.981597
1.04039
1.02831
1.04107
1.00598
0.988345
1.0134
1.00022
0.961105
1.01912
0.979796
1.08768
0.987514
1.04749
1.03307
1.05566
0.988598
1.10212
0.979912
0.99077
1.00097
1.00561
0.939699
0.964598
0.991993
1.067
0.936544
1.04643
0.967894
1.06173
1.0295
0.94464
1.11435
1.00071
1.06707
0.98894
0.938014
0.984707
0.981054
0.98254
0.983713
1.00989
0.951221
0.981007
0.98844
1.01823
0.971833
0.996522
1.07427
1.05385
1.07663
1.00805
1.00808
1.03032
1.04103
1.00662
1.03904
1.04527
1.04857
0.976822
1.01812
0.987395
1.06236
0.975568
1.02249
1.02893
0.990878
1.01228
0.98735
1.02123
1.03458
0.98889
1.03676
0.976705
0.993399
0.998032
1.01466
1.00262
0.951937
1.01992
0.973618
0.996783
1.03794
1.02105
1.01606
1.05576
1.01678
1.08089
0.987666
0.990695
0.999382
1.04189
0.983406
0.9766
1.01796
1.04455
0.96101
0.968131
1.01496
0.972193
1.04023
1.01853
0.979144
0.966631
0.995763
0.976512
0.988072
1.00516
0.973627
0.962711
0.993972
1.0558
0.961139
1.03479
1.01602
0.984409
0.989747
1.04178
0.986881
1.0028
0.993136
0.995465
0.984636
1.02654
0.97557
1.04299
1.02251
1.0461
0.973988
1.00326
1.00096
0.96077
1.05282
0.990753
0.955071
1.01702
1.03558
1.09565
1.01534
0.978309
1.00099
1.01663
0.992194
0.868414
1.06495
0.996038
0.994633
1.0031
1.00551
0.996909
0.998121
0.975074
0.92821
1.02055
1.0551
1.04007
1.0894
1.00983
0.920279
0.977006
0.995537
0.997448
1.01157
0.98732
1.00242
0.988794
0.961432
0.952708
0.957573
1.02707
0.971127
0.99128
0.97385
1.00611
0.981977
0.984166
1.02448
1.04876
1.03072
1.05635
1.08141
0.985784
0.943572
0.992597
0.963107
0.956858
1.00458
0.956488
1.01914
1.01854
1.00158
1.00907
1.00484
1.00637
1.03441
1.00642
0.990006
1.00327
1.00965
1.02325
0.985301
0.994168
0.977727
1.04353
0.972049
0.996311
0.975568
1.00505
1.045
0.985502
0.992766
1.0269
0.966529
1.03541
1.00672
0.988557
1.00911
1.05369
0.989093
1.03362
0.980761
0.95783
0.976641
1.02877
1.03053
0.984951
0.999133
0.958249
0.961135
0.966316
0.958114
0.97108
1.0208
0.998503
1.01785
0.997871
1.02829
0.966505
1.04918
0.999178
0.959602
0.977964
0.99913
1.01314
0.975866
1.03208
1.05595
0.993925
1.01352
1.00196
1.06762
0.984962
0.992926
0.99856
1.02038
1.04891
1.02518
0.95441
1.0517
0.968488
1.02387
1.03242
1.02379
1.00039
1.01204
1.04914
0.954758
0.950379
1.05411
1.00385
0.937073
0.988066
1.02465
0.97998
0.965034
0.967453
1.05808
0.977856
0.95917
0.980812
1.0074
1.00619
1.01668
1.03063
0.984188
0.993812
1.00062
0.973971
0.978256
1.02776
0.994033
1.00158
0.979976
1.02395
0.944579
1.03265
0.932071
0.973228
1.05709
1.00857
0.984766
1.01794
0.967869
0.935999
1.01972
0.9918
1.01728
1.00777
0.965591
1.00446
1.06735
1.02553
1.00615
1.00004
0.956768
0.963595
1.05636
0.995005
1.03788
0.970912
1.06661
0.952232
0.965844
0.979112
1.00494
1.04999
1.02571
0.980704
1.0343
1.00812
1.01515
1.00829
0.974481
1.01381
0.921929
1.06097
0.992118
0.949154
0.987907
1.03043
0.946212
0.98154
0.962603
0.986224
1.01276
1.02686
0.97872
0.995887
0.975895
1.05433
0.957179
0.920799
1.04335
0.945861
0.944364
0.997055
0.96137
0.978263
0.991509
1.08415
1.00682
1.01634
1.0267
0.9785
0.962878
1.01896
1.07461
1.01625
0.981081
1.0347
0.950555
0.989353
1.00699
1.03277
0.949553
1.00367
0.990424
0.941638
0.959022
0.975279
0.916812
0.978945
1.05764
0.99417
1.08572
0.978878
0.969311
1.02466
0.965723
0.976427
0.956529
0.97211
1.03768
1.03033
1.04042
1.00147
1.03327
0.980597
1.02918
0.93572
0.978725
0.939871
0.989505
0.915151
0.990161
0.99429
1.02158
0.971888
1.02283
0.959938
0.964077
1.01301
1.01697
0.996473
0.990056
0.969403
1.04837
0.994731
1.01194
1.04992
0.985516
1.04054
1.05614
0.963823
1.00087
1.0386
1.0082
1.01993
0.963228
1.01424
1.00571
1.01175
0.946519
1.02738
1.00758
0.960148
0.982469
1.04333
1.01135
1.04055
0.998516
1.01377
0.966687
0.944176
1.01892
1.00245
1.06529
1.0014
1.05043
1.01521
1.0347
1.07165
1.00746
0.988145
1.00262
1.05909
1.00122
0.99425
1.00001
0.964675
0.996596
0.950749
1.00862
0.924286
1.0189
1.03756
1.00248
1.06118
1.03272
1.00934
1.03581
1.00503
0.927302
0.969311
1.03889
1.00834
1.00589
0.997805
1.01418
0.990575
0.97162
0.987372
1.01438
1.05613
0.965106
1.01653
0.947991
0.953648
0.989541
0.994552
1.07514
0.961435
1.05471
1.03109
0.98933
1.02355
1.00857
1.00375
0.959437
0.931586
0.931495
0.978494
1.01545
1.01507
1.02539
1.01341
0.986904
1.04156
0.936007
1.02314
1.0246
0.968726
0.977928
0.99299
1.03783
0.991024
0.996632
0.995964
1.0426
1.0316
1.02397
0.986219
0.977767
0.964924
0.975964
0.993301
0.959089
1.0459
0.992687
0.89769
0.981319
0.983317
0.976276
0.970264
1.10827
0.992461
1.00704
0.984619
0.962006
1.0036
0.992616
1.01185
1.01119
0.961178
0.9846
0.960747
1.0172
0.994459
0.95119
1.02687
0.989314
0.992501
0.969144
0.954255
0.996853
0.977425
1.00535
1.00571
1.05499
0.961365
0.978794
1.00549
1.00077
1.04986
1.01682
1.02004
1.02064
1.01908
0.9457
0.964248
0.97892
1.00403
1.0078
0.994295
1.01051
0.980835
0.952211
1.00974
1.02763
1.00374
0.958789
1.05192
0.952478
0.982314
0.992516
0.931078
0.962027
0.986274
0.985916
0.957701
1.00076
1.02102
1.03103
1.0584
0.974049
0.988226
1.00724
1.02382
1.01731
0.994244
0.924577
0.982655
0.968688
0.98648
1.04963
0.946372
1.00147
0.995578
1.0038
1.01282
1.05027
1.00186
1.04766
1.05526
1.02277
0.960862
1.05643
0.99828
0.962082
1.00774
0.953494
1.02646
0.974865
1.01242
0.990433
1.05895
1.01277
1.00899
1.01168
0.984334
1.00563
1.00357
0.953801
1.02601
1.00657
0.975743
1.07257
0.987849
1.02801
1.07882
0.969984
0.93805
0.991961
1.06324
0.969344
0.999851
1.02074
1.04237
1.03212
1.00973
0.96583
0.98528
1.05658
1.01461
0.99788
0.983548
0.977153
0.967903
0.987033
1.0401
0.975676
1.00226
0.940741
0.998256
0.946635
0.989028
0.997754
0.958097
1.02511
1.00763
1.05188
0.980058
0.955268
1.03655
0.968886
0.964377
1.00162
1.00645
0.961174
0.995273
1.00708
0.959353
1.01733
0.961649
1.00008
0.995366
1.03438
1.04365
0.999242
0.946201
1.02233
1.00451
1.00116
0.950635
1.01214
0.9943
1.00393
1.03476
0.965236
0.987893
1.02727
0.967223
0.987484
1.03686
0.999751
1.01395
0.978084
1.00194
1.00055
1.02339
0.938555
1.01591
1.02436
0.976847
1.00081
1.01544
0.945601
1.00361
0.965226
0.935168
1.01747
0.979987
1.06408
0.965765
1.06544
0.983313
0.981136
0.946024
1.03905
0.964313
0.954705
0.959298
1.05488
0.945724
1.00948
1.02684
0.936255
1.0003
0.977395
0.996211
0.998301
1.074
1.02726
0.970519
0.919901
0.993745
1.03006
0.983527
1.02159
1.04716
1.00538
0.970012
1.03427
0.962074
0.969848
0.990562
0.970764
1.00262
1.02333
0.994007
1.05506
0.982992
1.01763
0.983472
0.95912
0.959288
0.99096
1.1017
0.994961
0.98688
1.04385
0.951481
1.06302
0.990287
1.00445
1.04326
0.987047
1.00577
0.978094
1.02066
0.969788
1.00343
1.03373
0.985533
1.00635
1.02088
0.984103
0.970481
0.990014
1.05403
1.00435
0.978261
0.91981
0.938222
1.03794
0.937993
1.00482
1.02632
0.958627
1.02895
1.0301
1.02792
0.980618
1.00406
0.97353
0.968948
1.00686
1.0007
1.00181
1.01351
1.0306
0.955894
1.00849
1.04533
1.03884
0.982496
1.01885
1.00934
0.929172
0.974758
0.998859
1.01484
1.03761
1.04009
1.08377
1.01402
1.00091
1.01695
1.00329
0.971776
0.958902
1.06918
0.962604
0.967884
1.01029
1.07337
1.00135
1.02946
0.988656
1.00376
0.983756
1.0255
1.03412
1.02986
1.03905
0.949438
0.957865
0.927906
0.914954
1.00448
0.960462
1.0449
0.955783
0.988151
1.00905
0.980191
0.997857
0.977349
1.00118
0.982457
1.02316
0.955415
1.03258
1.06539
1.03279
0.984415
0.981491
0.981156
1.0173
1.00953
1.03808
1.00299
0.971931
0.943016
1.00523
1.03081
1.01507
1.01262
0.989072
0.977688
0.913427
0.981421
1.03435
0.990318
0.992279
1.04546
1.02619
1.00112
1.0632
0.989743
1.05434
1.05959
0.972911
0.957479
1.05159
0.994069
1.00257
0.971457
1.00825
0.994545
1.00222
0.986404
1.05174
1.00189
1.03681
0.99315
1.00071
1.00297
1.08307
0.929531
0.99855
0.949963
0.99591
0.912826
0.995587
0.987702
0.990543
0.982724
1.03142
1.01962
1.03328
0.989305
0.995996
1.02302
1.00062
1.02503
0.972718
0.991502
1.04745
1.0187
0.980825
0.933304
1.02741
1.00979
0.950557
1.05419
1.08019
0.998988
0.995728
1.01129
0.916862
1.00155
0.952829
1.01357
0.969141
1.03756
0.96852
1.02358
1.00139
1.02171
1.03766
1.0627
1.01168
0.985492
1.01809
0.991804
0.996357
1.00907
0.958198
1.00413
0.988965
0.98192
1.02386
1.0632
1.02475
0.979936
0.933458
1.05805
0.99442
1.0186
0.967921
1.00586
0.992847
1.04385
0.979834
0.950785
1.02075
0.982192
1.03611
0.993316
1.03075
1.06488
0.983705
0.970557
0.969161
0.984297
0.962792
0.917512
0.993767
0.986064
0.988693
1.05159
0.988508
1.02003
0.971735
1.05816
1.00814
1.02429
1.00548
0.944831
1.01847
0.966899
0.992278
1.00509
0.982634
1.01529
1.04519
1.05986
1.01961
1.04092
0.988871
1.01477
0.984453
0.916874
1.01983
0.967525
0.973422
0.885725
0.980414
0.952033
0.992636
1.00479
1.04089
1.02045
1.0081
1.05826
0.990822
0.972998
1.00838
1.04327
1.00362
1.04675
0.974932
0.953245
1.00947
0.976244
1.01769
1.03178
1.02695
1.03354
1.07529
0.965295
1.04036
1.00003
1.03607
0.966628
1.01008
0.971912
1.02837
1.01228
1.06225
1.03388
0.978767
0.981973
0.998205
1.09242
1.01205
1.01389
1.0185
1.02473
0.988352
1.02215
0.922703
0.979387
0.988229
1.0628
1.02779
0.956782
1.0186
1.0369
0.958511
1.05819
0.990066
1.00058
0.995379
1.02186
0.939922
0.983321
1.03374
0.999259
1.0179
1.01269
1.05817
0.987359
1.01674
1.08542
1.07086
0.987678
0.962526
1.04439
0.974756
1.0224
1.0119
1.04402
1.06874
1.03464
1.01655
0.957843
0.978205
0.933171
1.00325
0.948452
0.97283
0.978983
1.00555
1.01373
1.0405
1.00964
0.969513
1.00288
1.02694
0.921723
0.965544
0.953705
1.02388
1.05975
1.00464
1.00208
1.03352
0.998781
1.04061
1.05015
1.00872
1.03257
1.00211
0.993793
1.00897
1.03913
0.975825
1.07562
1.01275
1.01022
0.975045
1.06795
0.986424
0.997406
0.999029
1.00571
0.960617
1.03755
0.917374
1.01144
1.09219
1.05145
1.00514
0.955711
0.927082
1.02566
1.01174
1.01652
1.0265
1.0278
0.952324
0.92035
1.01275
0.954
0.99245
0.995052
0.985423
1.02754
0.969961
0.974133
1.03358
0.977331
0.969143
0.979955
1.01108
1.00826
0.998833
1.02963
1.03674
0.975695
1.06412
0.999489
0.989368
0.938211
1.00336
1.00806
1.00235
0.965628
1.02859
1.00001
0.979099
1.04094
1.04744
0.948781
1.00419
0.998923
0.999142
0.967377
0.962915
0.974023
1.01759
1.07142
1.00487
0.996714
0.987962
1.00561
0.987978
0.965939
0.95071
1.0188
1.0506
0.983142
0.984012
1.03945
1.01651
1.07315
0.997293
0.960351
0.948415
0.959642
0.936702
0.984613
0.98705
1.03847
1.01356
1.0186
0.985009
0.914321
0.959415
0.986042
1.06927
1.00329
1.00924
1.0176
1.05645
0.987199
1.0202
0.979664
1.03106
0.997453
1.03979
0.931945
0.999303
0.98159
1.02919
1.00634
0.970293
1.04042
0.992767
1.02836
1.01703
1.03409
0.981233
0.93516
1.03258
0.993867
0.971535
1.03903
0.965923
1.04857
1.03428
1.03705
0.981728
0.981627
1.05232
1.00607
1.0415
1.06995
1.01043
1.04115
0.947912
0.986111
0.972605
0.983903
0.996547
0.995973
1.06769
1.01417
0.996151
0.954365
1.01793
0.99803
0.973617
1.01619
0.89994
0.99696
0.957185
1.02597
1.01377
1.0443
0.936924
0.985333
1.0286
1.00737
1.00868
1.01341
0.992762
1.05181
0.985666
0.971626
0.946281
0.975879
0.940907
0.969424
1.03367
0.982119
0.987062
0.981361
1.01821
1.01494
1.02863
0.973664
1.00403
0.938233
0.939588
0.968386
0.971479
0.996246
1.02544
0.949595
1.00146
0.965035
0.989021
0.968355
1.03365
1.04251
0.986818
0.962966
0.988897
0.987344
1.04085
0.971093
1.05522
1.00598
0.895773
0.992485
0.936497
1.00175
0.946704
0.95097
0.959742
1.02574
1.01106
0.972217
1.04957
0.974225
1.01986
1.0524
0.99372
0.97564
1.0102
0.979507
0.957672
0.958652
1.0212
0.978621
1.04468
1.01327
0.962168
1.01412
0.941109
0.971926
0.979802
0.986417
1.03843
1.04873
1.02576
0.989085
0.958254
0.89883
1.02565
0.97561
0.985983
1.00444
0.948186
0.995962
0.946417
0.976596
1.00063
1.00917
0.993377
1.00556
0.998075
0.997012
0.998471
0.993921
1.01813
1.02319
0.967838
1.01708
1.02956
0.931465
0.997552
0.991313
0.975939
1.04587
1.03247
1.05891
0.997622
1.05244
1.02114
1.03271
1.03359
1.03685
1.04478
1.04135
1.01271
0.983992
1.01649
1.04496
0.966888
0.992891
0.979687
1.017
0.972763
0.938102
1.01253
0.999961
0.981625
1.01087
0.954749
1.00655
1.02386
1.01072
1.01374
0.990412
0.98367
1.04614
1.01152
0.991644
1.00272
1.02246
0.966278
1.01205
0.992583
1.02119
0.92002
0.949806
1.02126
1.00412
0.922855
1.03075
1.00007
1.09736
1.03719
0.945227
1.01692
0.96761
1.01116
1.00234
1.00547
1.0282
0.931578
0.988246
0.968757
1.00464
1.02842
1.00115
1.00359
0.958796
0.938337
1.00393
0.967402
1.01294
1.01374
0.959882
1.01779
1.00554
0.995176
1.04749
1.04166
0.993318
1.00857
0.981388
0.916661
1.04791
0.974249
1.02083
0.92883
0.971935
1.00663
0.999039
0.999598
0.990023
0.971025
0.970947
0.978062
1.0142
0.959572
0.989232
1.01825
1.0184
1.01335
0.950664
1.04336
1.01109
1.01813
0.945496
1.06377
1.0378
0.922964
0.939455
0.911369
0.980269
1.07086
0.917438
0.980118
1.0322
0.96342
0.962845
1.03708
0.998293
0.953447
0.995132
0.975078
0.989939
1.01842
0.989303
0.990807
0.958315
0.986227
0.920955
1.07787
0.997362
1.02408
0.971907
0.929608
1.00114
1.01087
0.987617
0.983781
1.01691
0.979034
0.965688
1.03496
1.01976
1.01629
0.940357
1.05068
0.981798
0.999701
0.987124
0.978803
0.941572
1.00419
1.03098
1.02766
1.00272
0.981886
0.991176
0.969618
1.01794
0.986516
1.01532
0.926188
1.03094
1.00315
0.987277
0.979494
1.02884
1.04307
0.909013
1.04428
1.03059
1.03438
1.04493
0.912788
1.04681
1.03877
1.01507
0.959422
1.01467
0.948773
0.992455
0.971321
1.03851
0.999103
0.963516
1.00953
1.04473
1.06942
0.996891
1.02351
0.97011
0.952868
1.03582
1.00903
0.984898
0.967689
1.04776
1.03959
0.979877
1.08986
1.05034
1.00033
1.0168
0.969627
1.07164
0.965081
1.01421
0.967368
1.02151
1.00954
1.00859
1.06124
0.997444
0.984989
1.00993
0.9974
0.999433
0.983669
0.965829
0.974955
0.931266
0.974966
1.02691
0.987666
1.0265
1.05381
1.00899
0.991719
1.02588
0.962314
1.04615
1.03936
0.947859
1.05478
1.0243
0.999639
0.954254
0.970638
1.02707
0.984808
1.04825
1.01626
1.02599
0.993571
1.03832
1.001
0.966786
1.04117
0.956098
0.980819
1.04345
0.981029
0.955195
1.00306
0.999071
1.0288
1.00016
1.02887
0.988685
1.03035
0.973514
0.952658
1.01218
1.05308
0.98328
0.985462
1.03687
0.955091
1.00743
0.979833
1.01647
1.02336
0.986502
1.01963
1.00588
0.935744
1.05301
0.937662
0.950903
0.978666
0.979606
1.00909
1.04069
0.990309
1.00627
1.01146
0.928095
0.973391
0.966616
1.0228
0.995946
1.05249
1.0087
1.00616
0.933013
0.992223
0.971129
1.03561
1.01449
0.994646
1.01988
1.03637
0.979903
0.947316
1.00427
0.994625
0.97758
0.967848
1.00906
1.05445
1.01888
0.965767
1.01252
1.03919
1.04396
1.0015
1.02912
1.01574
1.02688
1.00219
1.06472
0.969542
0.903753
1.00658
0.944023
0.96423
1.03865
0.962517
0.95092
1.01604
0.968596
0.980287
1.0343
1.04178
0.994014
1.03561
0.972908
1.03257
0.950508
0.99061
1.02497
1.03103
0.946446
0.983977
1.0039
1.02963
0.984857
1.0228
0.976267
1.00972
1.04205
0.966104
1.00636
1.03419
0.990852
0.964089
0.97515
1.05797
1.01267
1.05193
1.01081
1.01963
0.970148
0.992214
0.92659
1.01263
0.968986
1.01659
1.05052
1.04682
1.00102
0.995964
0.977838
1.0861
1.05011
0.939632
0.915206
1.00542
1.00973
0.951163
0.989745
0.989459
0.982098
1.04304
1.0557
1.00736
1.02357
0.945546
0.943111
1.00824
1.05249
1.04722
0.977099
0.965549
0.918987
1.02662
0.97607
0.99569
1.02678
0.931848
0.964376
1.00158
0.978029
1.0262
0.961096
0.999769
1.02177
0.977187
0.950385
0.947038
0.961401
0.957894
1.026
1.00507
1.00132
0.931279
0.979958
1.02151
1.03922
0.973389
0.972398
1.06684
0.940673
0.997913
0.94297
1.03102
0.992354
1.01035
1.02945
0.973132
0.97828
1.03133
1.01945
0.930698
1.01712
0.970301
0.977531
0.980184
0.928917
1.01641
0.944418
1.03721
1.01046
0.967398
1.03653
1.00983
0.993213
0.932038
0.976423
0.933575
1.00952
0.994996
0.984842
1.00263
1.02121
0.999421
1.01105
0.964423
1.02928
1.06007
1.0148
1.04181
0.929271
0.938757
0.952769
1.00614
1.04718
0.914073
0.995855
1.0377
0.999989
1.04014
1.06154
1.04263
0.950117
0.959164
0.986727
0.991525
0.987413
1.01708
0.944187
0.969666
0.97973
1.07618
1.05498
1.03532
1.05495
0.964671
0.993857
1.04637
1.01489
1.01091
0.998822
0.931644
0.967322
1.00085
0.969771
1.00251
1.00873
0.940893
0.949072
1.00493
0.972895
0.992419
1.03456
0.973774
1.05192
1.01247
0.993783
0.930429
1.04272
1.02173
1.00914
0.943785
0.976884
1.04397
1.00126
0.97851
1.02068
1.01803
0.975042
1.00723
0.987795
0.960316
1.01466
0.961963
1.02725
1.02837
0.950595
1.01579
0.995873
1.06786
0.964241
1.03313
0.95087
1.0452
0.944689
0.980468
0.949414
0.99386
1.04434
1.07221
0.967363
0.968329
1.00985
1.02004
1.02941
1.08687
0.990309
0.982538
0.959818
0.979668
1.01187
0.968953
0.905889
0.961669
0.982954
1.01352
0.98897
0.999782
0.984729
1.01586
1.00769
0.998426
0.990274
0.96554
0.996316
1.0168
1.0461
0.984954
0.953503
1.05268
1.00807
0.997858
0.990062
1.02929
1.0201
0.999082
0.987371
1.01046
0.968442
1.01454
1.0016
0.965583
0.977977
1.01707
1.01496
1.0126
0.998591
1.00816
1.00155
0.972163
0.975536
0.937806
0.940358
1.0336
0.963061
1.01112
1.05051
0.996704
0.936632
1.03964
0.969407
0.94205
1.05384
1.00916
0.982119
1.00226
1.01154
0.997536
1.04635
1.01762
0.952497
1.04543
1.01769
0.965433
0.993965
0.99211
0.966446
0.924572
0.995803
1.0018
0.983591
0.992136
1.02452
0.955182
0.969831
1.01721
0.983081
1.01597
0.963942
1.06075
1.01125
1.02879
1.04028
1.00419
0.972789
1.04611
0.967485
1.0361
0.970359
1.01834
1.01979
1.00886
1.05695
1.02358
1.00959
0.998246
1.02852
0.985136
1.01925
0.980014
1.04421
0.984409
0.973918
0.940408
0.984033
0.949451
0.974441
0.998651
0.964873
1.01165
1.07843
0.972621
0.961387
0.953988
1.05368
0.965416
0.966864
0.987609
1.02415
0.972034
1.0009
1.04649
0.985294
0.933009
1.04229
0.983758
0.998196
0.988115
1.04139
0.934978
1.01755
0.992226
1.03859
0.987789
1.01089
0.979398
0.977552
1.00508
1.01148
0.969196
0.971423
1.0783
0.958731
0.935413
0.982774
0.982682
1.05891
0.966567
1.00454
1.02477
0.9844
0.927505
0.982664
0.967087
0.991364
1.05183
1.01421
0.995931
0.990403
0.979904
0.970629
1.03452
1.00508
1.06309
0.964706
0.993118
1.0234
0.978778
0.940892
0.931055
0.918182
0.983963
1.01044
0.976495
0.957793
1.03191
1.02387
0.961829
1.03346
1.04348
0.976411
1.03488
0.992998
0.956424
0.96507
0.972431
1.04538
1.04351
0.926964
0.949196
0.997894
1.05599
1.03179
1.05855
1.06165
0.995414
0.984706
0.987985
1.01253
0.928406
0.933945
1.03956
0.996366
1.05248
0.968715
1.00499
0.991509
0.970387
0.998507
1.0298
1.03243
1.07298
0.924603
0.987006
0.990267
1.0143
0.963654
1.04979
0.996637
0.997951
0.990215
1.07645
0.94857
1.01776
1.00323
1.03168
1.00042
1.03301
1.03908
1.02152
0.984432
0.946605
0.966002
0.987184
1.01772
1.03516
0.99796
1.01999
0.96511
0.994612
1.00376
0.994352
0.951117
0.977702
1.0137
0.970637
1.07881
0.912586
0.982025
1.02115
0.999064
1.0304
1.0373
0.988033
1.00816
0.960858
0.936956
0.988982
0.982409
0.975543
1.00995
0.966215
0.997879
0.9606
1.05369
0.987472
0.94784
0.983713
1.03676
0.952154
0.989151
1.01794
0.951152
0.990408
1.02882
1.02211
0.888793
1.03648
1.00992
1.05576
1.01563
1.00253
0.985881
1.00741
1.00621
1.04846
1.03217
1.05624
1.01199
0.956612
0.959436
1.02015
0.962525
0.972549
1.00547
1.01398
0.951651
1.01854
0.926371
1.00344
1.00018
1.01353
0.963967
1.05047
0.973379
0.970789
0.991563
0.990372
0.988709
1.00449
0.966035
0.938661
1.0267
1.00092
0.992421
1.04189
1.01457
0.971382
0.988342
0.98039
0.970847
0.938386
1.05158
0.973927
0.951627
0.998139
1.00298
1.07483
0.960027
1.03655
1.04382
0.858102
1.01921
1.06095
0.972062
1.02967
1.02057
0.984629
0.976492
1.00864
1.04462
0.988779
0.995693
0.961781
1.0184
0.996923
0.991584
1.02442
0.925613
0.976194
1.00331
0.970936
0.999798
0.965218
0.996573
0.951351
0.983343
0.979661
0.979125
0.968818
0.961379
1.01979
0.983662
0.959857
1.06612
0.93108
0.992496
0.983971
0.974112
1.00962
0.974316
1.04564
0.965429
1.0341
0.995643
0.950109
1.05036
1.06335
0.989761
0.967261
1.00921
1.01269
1.04768
1.00636
0.976867
1.01713
0.987697
0.952274
0.990458
0.995754
0.97367
0.99262
1.03435
1.00068
0.988948
1.03432
0.947584
1.03317
1.01489
0.936038
1.05059
1.01417
0.946205
1.03994
0.963962
0.983449
1.02426
1.0064
0.975438
1.01432
1.00072
1.08009
0.97348
0.970787
1.06345
1.0178
1.05189
0.95853
1.02764
1.03645
0.991569
0.994014
0.943769
0.966359
0.96446
0.968202
0.991791
0.968468
0.974104
1.03045
0.995333
0.959066
1.04476
0.946525
0.962558
0.969013
0.981104
0.997553
0.985595
1.02374
1.00306
0.962612
1.02836
1.01634
0.909333
1.04428
1.01806
1.0104
0.964871
0.935643
0.985974
0.974272
0.987233
1.00499
1.04763
0.975098
1.03876
1.03743
1.02859
0.938518
0.962252
0.955922
0.913569
0.998976
0.974971
0.988649
1.0135
0.913352
1.00274
1.01313
0.944245
1.01955
1.01446
1.06245
1.00658
0.976954
0.972772
0.976204
1.02839
1.01399
0.974873
1.0237
1.0003
1.00539
1.01644
1.05351
0.993985
1.05
0.996378
0.959484
0.98223
1.06861
0.955235
1.05021
0.96681
0.982947
0.999279
1.00158
0.986863
1.0159
0.958237
0.989747
1.04187
1.0065
0.98512
1.0136
1.0305
1.03224
1.04089
0.985329
0.918433
0.990169
0.978089
1.0496
1.0018
1.01344
0.985729
0.966778
1.00934
1.04345
0.982416
0.980523
1.05189
0.992289
1.0028
0.987301
1.02809
1.04629
1.03939
0.931694
1.06354
0.953934
1.0169
1.04184
0.975273
0.970119
1.00672
0.908022
0.977031
0.994624
1.0203
0.988154
1.08515
1.00257
0.981479
1.01281
1.03968
0.988601
1.06255
0.991588
0.958364
1.01094
1.01333
1.01052
1.0126
0.957435
0.997552
0.992008
1.00246
1.05787
1.01169
1.00053
0.995037
0.974363
1.02368
1.03496
0.982995
0.991123
1.05468
0.935573
0.920794
0.983545
1.0243
1.00525
0.974581
0.970302
1.02438
1.01718
0.975153
1.01136
1.01093
0.965066
1.01418
0.993844
0.939097
0.978569
0.994507
1.02676
1.02053
0.977749
0.984723
0.976768
1.0834
1.03311
1.00897
0.981184
0.98236
0.971438
0.951775
1.03667
1.01421
0.968905
0.960681
0.984577
1.00038
0.983711
1.01317
0.963105
0.99542
1.0008
0.950407
1.01212
0.927246
0.963032
1.05231
1.00878
1.04146
0.935171
0.994198
1.00975
1.02888
0.991796
1.05142
0.973121
0.956718
0.948491
1.01895
1.03115
0.980217
1.00199
0.982084
0.958491
1.02622
0.999429
0.993737
1.00278
0.956566
0.923952
0.995302
1.01418
1.03818
0.986071
1.04142
0.946764
1.04078
0.980716
0.941656
1.00628
1.05774
1.03136
0.988898
1.00957
0.991691
1.00243
0.98999
0.973601
0.981228
0.918451
1.00864
0.938083
1.01866
1.02966
1.01363
1.02256
0.968874
0.969242
0.994335
1.01251
1.10887
1.01955
1.01536
1.01447
1.02212
0.96384
1.03503
0.996328
1.02606
0.996805
0.945074
0.982208
0.940956
0.991986
1.04304
1.00569
0.975488
0.998083
0.965171
1.01612
1.03231
1.00927
1.02808
0.977826
1.05722
1.01798
1.01121
0.977911
1.05097
0.92958
1.00453
1.04756
0.893471
1.01127
0.956066
0.997115
1.02216
1.04369
0.99231
0.978856
0.974776
0.96279
1.01254
1.01142
1.02503
1.02637
0.980452
1.00589
1.00685
0.94842
0.994972
0.967424
0.972379
0.982789
1.0575
0.969366
1.01109
0.980282
1.03757
0.960736
1.04496
0.981711
1.06201
0.925816
0.984827
0.942924
1.00872
0.969509
1.01407
1.00486
0.975579
0.978486
0.976876
0.945803
0.999118
1.0157
0.980208
1.04142
1.00883
0.970317
1.02491
0.960501
0.988973
1.04522
1.0068
0.96616
1.00446
1.00519
1.03522
1.04824
0.981302
1.03045
1.01808
0.969587
1.02789
1.0358
0.948186
0.964823
0.995784
1.00756
0.992175
0.955924
0.99002
1.04409
0.987664
0.968972
1.00041
0.99192
1.01803
1.07336
0.98188
0.922013
0.969033
1.05566
0.937459
0.971691
0.977298
1.02401
1.00356
0.994125
0.956433
0.970156
0.995259
1.00903
0.88529
0.959687
1.09176
0.989802
0.971258
1.01327
0.961063
1.01641
1.01032
0.985732
1.02481
0.972417
1.01584
0.943332
0.986703
0.966451
1.00492
0.979716
1.00228
1.04074
0.992495
0.943676
0.994575
0.98882
0.995548
0.98419
1.02163
0.999661
0.974164
1.0474
1.02151
1.00289
1.00243
0.962353
1.01726
0.956528
1.01457
1.03198
1.01074
0.959428
0.917547
1.00163
0.99786
1.08538
1.00115
1.03047
0.994851
0.98662
1.01638
0.987081
1.02678
0.989641
1.05806
1.01679
1.00208
1.05519
0.956282
0.954096
1.06438
1.01687
0.924216
1.00499
1.06627
1.03635
1.02576
0.960914
1.01527
0.934229
0.980748
0.98244
1.00206
0.94421
1.0033
0.970792
1.01069
1.03751
1.02785
1.01994
1.00486
0.982779
0.991943
1.03123
0.991292
0.988558
0.958801
0.996827
0.950678
0.975547
0.968719
0.992073
1.01078
0.935616
0.985896
0.976535
1.01203
1.04815
1.07177
1.03986
1.07105
0.962814
0.932657
1.01349
0.934607
1.06518
1.02467
1.02731
1.01055
1.05278
0.959962
0.982436
0.995458
1.02459
0.979923
1.01742
1.02173
1.03076
0.99411
0.993824
1.00054
0.981617
0.976818
1.0032
1.0432
0.950194
1.00976
0.981475
0.925948
0.950576
1.0068
0.976832
1.03435
0.979785
0.961973
1.00719
0.976194
1.00182
0.95915
0.917013
0.996471
1.02759
0.961434
0.989477
0.915176
0.964737
1.00345
0.919254
1.03869
1.0039
1.06858
1.00496
0.973442
1.03427
0.964418
0.941488
1.06857
0.956031
0.989242
0.995951
0.999884
0.960389
0.941027
0.996361
1.06697
1.02182
0.953225
0.975614
0.980954
0.997213
1.01201
0.976773
1.0608
1.03155
0.968106
1.06108
0.96899
0.977272
1.02388
0.966442
1.06122
0.944498
1.01543
1.00328
1.1049
0.974496
1.02734
1.06996
0.993077
1.01077
1.01815
0.953468
0.962199
1.00006
0.974597
1.04236
1.00728
1.03532
0.975194
1.00411
0.983432
0.977828
0.945417
1.00397
0.926584
0.947571
1.05122
0.983638
1.06451
1.05002
0.960373
0.983996
1.04809
1.00365
0.968055
0.99107
1.01006
0.967567
1.05354
1.01955
0.963151
0.968615
0.998243
0.971819
1.02471
1.05505
1.04056
0.97019
0.959526
1.00941
0.963833
0.973288
0.986932
0.987535
1.02139
0.990272
0.982626
1.03992
1.01951
0.990876
0.982178
0.980335
1.02351
1.03354
0.979902
0.923044
0.992017
0.985783
1.02988
1.03283
0.998493
1.01134
1.03149
0.98956
1.03485
0.990236
0.980118
0.991274
1.01501
1.03347
1.01402
0.906081
1.03158
0.994369
1.00968
0.960984
1.03349
0.991243
1.01682
1.00829
1.05061
0.977813
1.0214
1.00672
0.968961
0.984611
1.02377
1.00103
0.962396
1.00858
0.935423
0.996029
0.97131
0.970541
1.01586
1.03358
0.989316
1.00469
0.988622
1.00187
0.995546
0.996497
1.03214
0.988058
0.985404
1.01545
1.0245
0.932738
0.993623
0.982242
0.990195
1.01918
1.01301
0.986179
1.02867
1.00371
0.942558
1.05004
0.984819
0.937928
0.951242
1.02367
1.00279
1.03113
1.01047
1.02062
1.09385
0.953719
1.02273
1.02768
1.05245
0.983898
0.996721
0.934083
1.07098
0.97894
1.01337
0.98037
1.03303
0.96791
0.935492
1.05128
0.959378
0.990763
0.999894
1.0301
1.019
0.961994
1.06697
1.07212
1.02936
1.00954
0.94707
0.937227
1.00703
1.07751
0.978105
0.956711
1.00997
0.973229
1.04859
1.03985
1.00977
0.964829
0.975348
0.987287
1.04606
1.08694
1.06206
1.02417
0.956426
0.948547
1.02369
1.01497
0.962756
1.02248
0.998523
0.952225
0.985213
1.02198
0.965366
1.03248
0.958685
0.98338
1.00895
1.00126
0.992369
1.06437
0.986083
1.03597
1.08719
0.998031
1.01043
0.978381
1.02075
1.03962
0.96679
1.02969
1.04271
1.04181
0.984214
0.977874
1.03089
0.963801
0.966664
1.0153
1.07063
0.980507
0.991008
0.989174
1.02904
0.990522
0.979591
1.02628
0.952026
0.917646
1.046
1.01791
1.0112
1.02817
0.901653
1.07625
1.01067
1.0019
1.01183
0.999368
0.973653
0.983381
0.998456
0.976405
0.948045
1.00544
0.918266
1.03452
1.02637
1.02344
1.03515
1.02354
1.00676
0.990791
0.965969
0.947905
1.03107
0.989396
0.996672
1.0305
0.945555
1.01887
0.975758
0.989114
1.02647
1.0046
1.0659
0.986583
0.911049
0.951743
0.995168
1.03396
0.994813
1.06469
1.01372
1.05775
0.970584
0.994687
0.97619
0.953242
0.97002
0.984538
0.997322
0.930235
0.967282
1.02204
1.00871
0.943151
0.996511
1.02969
0.979384
1.05797
1.03164
0.973922
1.05177
0.959243
0.925657
0.987002
0.930078
0.965973
0.97919
1.02217
1.0277
0.982494
1.03306
0.983336
1.02142
1.01729
0.984199
1.04303
0.971597
0.96578
0.934837
0.96077
0.996223
1.04101
0.940196
1.00725
1.00638
0.981503
0.944714
1.03972
0.999505
1.04027
0.967642
1.01434
0.98351
0.977451
0.995833
1.06824
0.960125
1.05468
0.976492
0.974574
1.03674
0.990122
1.05467
0.991753
0.969936
1.01748
1.0049
0.989893
1.07393
1.00461
0.926428
0.964702
0.972991
1.0243
0.978282
0.987703
0.947845
1.00373
0.975877
1.06372
0.96393
1.05157
0.96349
1.03506
1.02902
1.02521
1.11357
0.988598
0.997799
0.98737
0.977231
0.985341
1.02249
0.977391
1.03801
1.05641
1.0128
1.02387
0.989167
1.03017
1.01853
1.00073
0.996913
1.06034
1.02318
0.943154
0.957005
0.993337
1.00465
1.0125
0.97567
0.987145
0.947119
1.01479
0.955011
0.964771
1.02483
1.00729
0.965196
1.03652
1.04705
1.02013
0.994895
1.03515
1.00851
0.991118
0.985267
1.0058
1.03547
1.04746
0.972651
0.986467
0.989053
1.04048
1.01099
1.00652
1.02486
0.934233
1.01887
1.00485
0.976151
0.927652
1.08593
0.929227
0.906455
0.932498
1.06357
1.02243
1.03704
1.00701
0.95271
0.96318
0.97062
1.05371
0.979437
1.09303
0.973334
0.985941
1.00359
0.992985
1.00616
1.05932
1.00455
1.05895
0.975176
0.983468
0.982818
1.00633
0.980821
1.00525
0.981892
1.04656
1.00668
1.00222
0.983909
0.974372
1.00955
0.943118
0.943254
1.0287
0.983214
0.970404
0.982344
1.03783
0.997424
1.00688
1.06147
0.985753
0.98813
1.04675
0.984659
1.0088
0.997212
1.01676
1.01842
0.99996
0.941159
0.985858
1.03052
1.00557
1.00606
0.932688
0.977499
0.979963
1.02818
1.01144
0.988496
0.988541
0.987751
1.03192
1.03634
0.992822
1.00022
0.966588
1.04785
0.963215
0.918228
0.941244
0.992404
0.990663
1.02031
1.09073
0.984082
1.04642
1.00214
0.951845
0.997671
0.981925
1.01865
1.01252
1.06643
1.06305
1.00247
1.07381
0.989954
0.99293
0.979375
1.01887
1.00432
0.98016
1.01514
1.03992
0.984261
1.05698
0.940416
0.999078
0.96893
1.03884
0.960628
1.00459
0.970162
0.948175
0.961417
0.937595
1.03313
1.01838
1.01644
1.03399
0.954773
1.01588
1.06883
0.981307
1.02072
0.986545
1.02482
1.0426
0.949691
0.98652
0.964973
0.970939
0.993556
1.04081
1.003
0.973052
0.989753
1.01413
1.03423
0.9749
1.03555
1.0108
0.990947
0.993388
1.02577
0.969286
0.990987
0.992246
1.03436
1.03522
0.981163
1.03407
0.94483
1.0393
1.02415
1.02197
1.02027
0.992247
1.00788
1.03641
0.984704
1.05108
0.990098
0.952319
1.02188
0.996405
1.03775
0.964621
0.995626
1.0283
0.99426
1.00945
0.953607
1.00898
1.03871
0.987462
0.970787
1.01087
1.06107
0.910299
0.949235
0.99001
0.989141
1.057
1.04182
0.992734
0.994651
1.02078
0.975515
0.964723
1.00707
0.989151
1.01723
1.00555
0.988717
0.932135
1.00067
0.967152
1.05819
1.01954
1.00172
0.953698
0.995325
0.969491
1.02142
1.00649
0.984486
1.01032
1.0236
1.00226
1.03528
0.980345
1.0075
1.00688
0.990863
0.989177
1.00427
1.01646
0.946989
0.960234
0.983265
1.00038
1.02471
0.996908
0.980673
1.01818
0.953887
1.0074
0.958089
0.988451
1.00425
1.04866
1.0666
1.05493
1.04262
1.01296
1.02775
0.999967
0.989661
1.05375
0.962283
1.02435
1.07779
1.00722
0.959801
1.00408
0.955234
0.997186
0.980487
0.978912
1.01864
1.04007
0.99884
0.964851
1.00215
0.947069
0.993347
0.970821
1.01926
0.993119
1.01892
0.952484
1.04723
1.00601
0.964057
1.00472
0.956129
1.00819
0.999706
0.984636
1.04286
1.00074
1.00742
0.985099
1.01116
1.02131
1.03764
1.06271
1.02251
0.962142
0.974494
1.00318
1.00434
0.958059
0.990252
0.982257
1.00639
1.02186
0.953099
0.969899
0.984681
1.00506
1.03217
1.00608
1.04371
0.999332
1.04315
1.01056
1.05367
0.967935
1.0464
0.990063
0.922919
0.999071
0.996565
0.976482
1.04557
1.00327
1.01106
0.989402
1.01465
1.00155
1.00329
0.980041
0.995163
0.977282
0.980528
0.999198
1.00743
1.04929
1.01422
0.980077
1.01772
1.05562
1.02134
0.962348
0.972126
0.982449
0.95814
1.02108
0.989791
0.970868
1.07339
0.974944
1.08694
1.01302
0.937632
0.968248
1.06259
1.00045
1.02901
0.995515
1.00718
1.0006
0.987245
1.01978
1.02169
1.05759
1.00576
0.980979
0.944861
1.05127
1.04753
1.04672
1.01196
0.969492
1.01895
0.987501
0.952957
1.04264
1.00676
1.02328
0.99488
1.00079
1.07957
0.980573
0.985334
0.992784
1.00139
0.946793
0.946819
0.99475
0.997688
0.977386
1.0401
0.980661
0.982368
1.02171
0.965864
1.04918
1.05392
1.0636
0.942708
1.03256
1.03775
1.02997
0.965068
0.958866
0.998411
1.00344
1.00414
0.949846
0.979999
1.0602
0.998827
1.02736
1.00136
1.03989
1.02669
1.00547
0.935762
0.951137
1.04373
0.98899
1.0048
1.043
0.942011
0.949627
0.965039
1.02195
0.938647
0.974192
1.0393
1.07867
0.995376
0.958633
0.977484
0.995108
0.963736
1.00206
0.988429
1.0542
1.01064
0.956754
0.997474
0.952728
1.0316
1.03942
1.04468
1.00712
0.989127
0.960688
1.02152
1.0021
0.983457
1.02308
0.977411
0.995208
1.03063
0.975599
1.00551
1.01324
1.04833
0.999916
0.970142
0.966348
0.986471
0.973956
0.938027
0.972651
1.05365
1.00815
0.992578
0.994294
0.956549
1.03498
0.968335
1.03069
0.919763
1.01498
0.998202
0.979285
1.01486
1.03884
1.03496
0.984315
0.916872
0.963227
1.01027
1.05263
1.01072
0.957273
0.983652
1.00711
1.03414
1.00378
1.05386
0.963764
1.01075
0.947414
0.937373
1.08142
0.999468
1.00987
1.03026
1.04501
1.02877
0.971418
1.02602
0.981561
1.00733
0.994572
1.05244
1.00086
1.02501
0.959383
0.987541
1.0545
1.0251
1.01093
1.00761
0.962946
0.980061
0.963115
1.02055
0.940492
1.05831
0.997295
1.00964
0.994478
0.968542
1.01135
0.974504
1.0382
1.01649
0.994125
1.01365
1.0485
1.03945
0.998
0.981874
1.02171
0.997856
0.97515
0.962838
1.07856
1.00578
1.00936
0.993978
1.00871
1.03338
0.983461
1.01352
0.984843
1.03225
1.05397
1.0123
0.998504
1.00771
0.99849
0.999213
1.03426
0.995519
0.954865
0.95978
1.01861
1.05432
1.01513
1.05541
1.0576
0.992011
1.04541
1.05733
1.05094
1.04743
0.962057
1.04432
1.04993
0.961911
0.994709
0.961504
0.989558
0.999852
1.03568
0.974692
1.00945
0.988878
1.0449
0.976309
1.01387
0.961096
1.07075
1.00041
1.04657
1.01239
1.03007
1.00537
1.01323
1.00851
1.01848
1.06303
0.976151
1.02249
0.976662
1.00825
1.00572
1.06581
1.05556
0.98219
0.95543
1.00528
1.01781
1.07471
1.02288
1.00069
1.0293
0.95794
1.00626
0.970684
0.999153
1.08078
1.03753
0.928852
0.992888
0.942551
1.06525
1.05222
1.00747
0.997725
0.998365
0.995446
0.95178
1.02071
1.02271
1.01062
1.0299
0.974411
1.00737
1.006
1.04625
1.06904
1.01129
0.974345
0.97454
1.01014
1.01874
1.02784
1.02292
0.990217
1.02327
0.966739
0.995543
1.05575
0.982398
1.01804
1.09215
0.92767
1.02268
0.937422
0.927208
1.00938
1.08188
0.968175
1.02669
0.989524
1.02866
0.921898
1.01061
0.958122
0.976981
1.06099
0.950128
1.04209
0.993729
1.06763
1.02728
0.953745
0.950248
1.05427
0.95595
1.0468
1.05038
0.972274
0.926824
1.08017
0.977333
0.993736
0.985982
1.01784
0.964636
1.13824
1.04022
1.06844
0.906923
1.00551
1.0458
1.07684
1.00163
1.05014
1.00882
0.99576
1.02764
1.04535
1.02482
1.01789
1.07205
0.930627
0.997483
1.01206
1.01136
0.926402
0.979473
1.0171
0.985972
1.06688
1.03813
0.981751
0.895218
1.01698
1.01708
1.04097
0.982401
0.99338
0.958143
1.00908
0.983982
1.03567
1.01027
1.00394
1.00004
0.968978
0.940592
1.06398
1.07654
1.01896
0.944581
1.03551
1.00719
0.9802
0.994499
1.06879
1.01052
1.06125
0.995306
1.02348
0.969983
0.978142
0.974137
1.0146
1.05341
1.00321
1.02361
1.00009
1.02987
0.96653
1.06364
1.02992
0.980506
0.992743
0.966357
1.03111
1.06462
1.05203
1.02791
1.02528
0.963229
1.0202
1.01161
0.970839
1.06524
1.00714
1.01022
0.977279
1.00311
1.04115
0.971206
1.02869
0.982833
0.984493
0.964672
0.983173
0.958304
0.996262
0.993748
1.03706
0.974584
1.04517
0.999189
1.06564
1.03313
1.06269
0.962688
0.973932
0.922671
0.996547
1.0646
1.03665
0.976086
1.04083
0.98595
0.966797
1.00974
1.06709
1.02544
1.05544
1.00302
1.01475
0.965655
1.01498
1.0079
0.998796
1.01146
1.02783
0.955098
1.00615
1.03416
0.970196
0.986306
1.00989
0.997197
1.01795
0.952801
0.94544
0.952386
1.05367
0.998247
1.08831
0.99648
1.00647
1.00165
0.956032
1.0436
0.988856
1.00561
0.965192
1.0489
1.10084
1.00642
1.09237
1.05069
0.992391
1.08771
1.03169
0.968219
0.989527
1.00004
0.990471
0.958584
1.01396
1.04302
1.05816
0.981069
1.05743
0.981547
0.979697
1.06904
0.996664
1.02548
0.976908
0.954001
0.965753
1.02122
0.897533
0.975832
1.02784
1.04153
0.975939
0.988284
1.0419
1.07366
1.03026
1.02458
1.04868
0.97138
1.00167
0.954
0.989499
1.0286
1.01157
0.976992
1.02083
1.04954
1.0037
1.04859
1.00987
1.00411
0.986706
1.02614
0.956997
0.992524
1.03799
0.990785
0.970534
0.993231
0.999237
1.01278
1.00914
1.01985
1.03023
1.08991
0.96691
0.960613
0.927794
1.00898
0.961889
1.01708
1.00519
0.993313
1.00797
0.969629
1.02693
0.985492
1.06953
1.0174
0.985189
1.03896
1.02564
0.983968
0.975769
0.925713
1.01544
0.951699
1.00096
1.00651
0.975659
1.01261
0.980273
0.982738
1.03188
1.0261
1.00697
1.00053
1.049
0.995421
1.02768
1.03826
1.02472
0.905151
1.01321
1.03368
1.01013
1.01438
1.00239
0.991631
0.972735
1.05185
0.994339
0.982017
1.00229
1.03087
0.97781
1.02233
1.02036
0.982318
1.02718
0.991604
1.06179
1.00005
1.00792
0.976427
0.986529
0.987686
0.980172
0.971618
1.0367
0.995513
0.953793
0.961914
1.00572
1.00209
0.998358
0.958682
1.03931
0.997754
1.01014
0.954015
0.994604
1.02283
0.95898
0.999604
1.06144
1.01958
0.9894
0.997095
1.02496
0.946516
1.01729
0.986513
0.998523
1.03138
1.035
1.00482
1.05817
0.972885
0.959394
0.973868
0.991078
0.962498
1.00223
1.0675
0.930351
1.05721
0.979437
1.04848
1.0317
1.0858
1.01525
0.999443
0.963023
0.984114
1.05844
0.966963
0.979085
0.924383
0.996202
1.0207
0.972839
0.987146
1.0209
0.99205
1.01209
0.970868
0.901547
0.979442
1.00637
0.988945
0.968842
1.01101
1.07413
1.04097
1.01318
1.03221
0.944542
1.0746
1.03743
1.03967
0.932045
1.07413
0.965211
1.03888
0.988822
0.978487
0.968398
0.973021
1.03843
1.00111
1.0003
0.994938
0.995168
1.02585
0.960797
1.00548
1.01165
1.06178
0.957818
0.889225
0.967086
1.01387
0.969142
0.978856
0.994613
1.01826
1.02233
1.00154
0.970743
0.978692
0.958858
1.0688
1.02787
1.04482
1.00611
1.01375
0.981577
1.0178
0.944488
0.967507
0.987931
1.00362
0.944486
0.967537
1.02528
0.973893
1.04162
1.01
1.01326
1.06351
1.01142
0.975829
0.960048
1.06085
0.979931
1.00861
0.931529
1.00994
1.00371
0.959737
1.05855
1.06817
1.00621
1.02253
0.956412
1.0086
1.00892
0.986695
1.01767
0.920529
1.04649
1.03952
1.04823
0.961398
0.981817
0.981195
0.973079
1.02533
1.00887
1.01718
0.94728
1.02417
0.957512
1.01067
0.966765
0.96873
1.0156
1.05308
0.986409
1.07958
1.11943
1.02114
1.04643
0.986213
1.03458
0.993454
1.04368
0.968483
1.01296
1.01037
1.03852
1.01948
1.09369
0.977394
0.975474
1.01747
1.05592
0.997399
1.00043
0.968621
1.04238
0.957138
0.974716
1.02448
0.999106
1.02357
0.972558
0.998823
0.964167
0.983823
1.00071
1.04903
1.01846
1.02609
1.0082
1.02177
0.996662
0.95277
0.98158
0.982851
0.991107
1.01773
0.89637
1.01626
1.01101
1.02929
1.06264
1.01019
1.00555
0.995456
1.02689
1.03631
0.983965
0.92334
1.03533
0.993023
1.01711
1.01527
1.0159
1.00285
0.986324
0.973117
0.993173
1.03462
1.02945
1.04243
1.00659
1.01034
0.983149
1.00253
1.03716
0.989827
1.03078
1.0281
0.966715
1.02059
0.955572
1.01532
0.981836
1.01688
0.983341
1.02233
0.984189
0.968993
1.02831
0.995032
1.00222
0.980735
1.01636
0.995317
0.99701
0.966486
0.972122
1.02623
1.05985
0.951349
1.02009
0.9395
0.958352
1.03373
0.94657
1.03453
1.00053
1.01452
1.00605
0.985682
0.947645
1.01737
0.966258
1.00809
1.02044
1.06815
0.981796
1.02367
0.953286
0.942402
0.997764
1.00092
0.96561
1.02955
0.976757
0.991094
0.997364
0.97388
1.00276
0.967906
1.03076
1.03845
1.05207
0.95842
0.991853
0.993967
0.960848
1.06852
0.957134
0.957611
1.02257
1.01022
1.06335
1.00793
0.978686
0.994938
1.01926
1.00333
1.09077
1.01254
0.982778
0.977867
0.98031
0.983862
0.986379
0.957651
0.971679
0.967604
0.977179
0.977717
0.98898
1.06474
0.954798
1.03686
0.961441
0.993661
1.05595
1.00469
0.955943
0.925075
0.949612
0.987185
0.951946
1.02757
1.03707
0.983832
1.00781
1.00497
1.0522
1.09692
1.00184
0.99706
0.989883
0.99237
0.904096
0.978148
1.00173
0.970438
1.04458
0.985734
1.00836
1.00745
1.05186
1.02607
1.02328
1.05909
1.0468
0.981717
0.935788
1.05486
1.02178
1.05409
1.01086
0.965994
0.994134
1.02149
1.06983
1.03032
1.01099
1.01449
1.00184
1.00311
1.01941
0.966547
0.998483
0.975535
0.983533
0.954143
1.0237
1.02885
0.944746
1.00796
0.985415
1.04943
1.00637
1.04496
1.01801
0.970571
0.948741
1.00916
0.974832
